tempo,swing,density,dynamic_range,energy,mean_note_length,std_note_length,velocity_mean,velocity_std,pitch_mean,pitch_range,avg_polyphony,syncopation,onset_entropy,instrument_count,primary_mood,secondary_mood,timing_feel,rhythmic_density,dynamic_intensity,fill_activity,fx_character,timestamp,midi_file_name
126.0001,0.0614,19.1159,82.0000,7.4602,0.2255,0.2478,94.1486,20.3614,62.3922,53,5.1707,0.0154,0.6206,10,uplifting,romantic,1,3,6,4,2,2025-07-18T22:50:39.337879,
109.5167,0.0810,14.4172,117.0000,6.5181,0.2084,0.8545,93.8228,23.7183,70.0618,80,2.1064,0.0184,0.1436,4,suspenseful,dreamy,2,3,6,4,2,2025-07-18T22:53:23.479013,
140.0001,0.0473,20.1914,124.0000,7.9257,0.2706,0.4648,29.9242,46.2750,52.5379,35,5.2509,0.0067,1.0276,3,energetic,dreamy,0,3,0,3,0,2025-07-18T22:55:48.918351,
72.7907,0.0396,15.4110,110.0000,7.1489,0.5160,0.7213,83.2292,16.9192,57.5252,60,8.0163,0.0209,0.3569,15,dreamy,chill,1,3,5,4,0,2025-07-18T23:01:25.438584,
122.0008,0.0519,26.1692,117.0000,9.3278,0.3118,0.6915,99.5097,28.1278,50.0645,40,8.7789,0.0054,0.6638,5,uplifting,uplifting,0,3,6,4,0,2025-07-18T23:02:50.847116,
168.9998,0.0757,25.6328,27.0000,8.5063,0.2705,0.5707,126.9036,1.1548,49.8843,70,6.7528,0.0053,0.6660,9,energetic,energetic,0,3,4,5,2,2025-07-18T23:16:05.888765,
83.4448,0.0364,16.8031,111.0000,7.3598,0.3145,0.5620,78.4585,22.5152,56.1555,60,6.8017,0.0147,0.6637,6,chill,chill,0,3,5,5,2,2025-07-18T23:18:29.095304,
140.0001,0.1076,11.8754,0.0000,4.8601,0.2673,1.0059,99.0000,0.0000,58.4578,51,3.2760,0.0121,0.6259,5,focused,uplifting,1,3,4,4,0,2025-07-18T23:39:15.725710,
132.6494,0.0404,36.4095,126.0000,11.8837,0.2248,0.4703,103.8033,24.0354,56.2903,62,7.9957,0.0033,0.2720,16,energetic,energetic,0,3,6,4,0,2025-07-18T23:41:01.624739,
132.9999,0.0370,36.9784,110.0000,11.7923,0.1965,0.7156,77.0911,27.2114,60.5925,75,7.8470,0.0023,0.6555,18,suspenseful,energetic,0,3,5,5,2,2025-07-18T23:59:12.659010,
137.9999,0.1776,2.3000,0.0000,2.4516,0.2129,0.0000,99.0000,0.0000,48.2353,36,0.6618,0.1607,1.2905,2,suspenseful,romantic,2,1,4,4,3,2025-07-19T00:03:40.733242,
140.0001,0.1073,9.0417,1.0000,4.1601,0.3066,0.5782,100.3871,0.4871,55.0565,55,2.4032,0.0107,1.4265,4,suspenseful,uplifting,1,2,4,5,3,2025-07-19T00:07:01.829084,
136.0001,0.0530,21.4233,114.0000,8.4144,0.3198,0.4747,108.9568,21.9338,47.1410,51,5.3760,0.0081,0.5786,8,energetic,energetic,0,3,6,4,2,2025-07-19T00:08:45.719199,
77.0000,0.0375,16.6065,109.0000,7.4136,0.4541,0.6745,91.0749,15.7339,55.1676,63,7.7145,0.0109,0.9341,7,romantic,dreamy,0,3,6,5,0,2025-07-19T00:11:14.003799,
98.4044,0.0563,7.5013,31.0000,3.7596,0.2791,0.1739,62.0653,6.7467,57.4337,52,1.4644,0.0223,1.3121,1,suspenseful,uplifting,1,2,2,5,1,2025-07-19T00:12:38.966052,
86.6909,0.0641,3.4991,21.0000,2.6598,0.5887,0.5260,63.7879,5.0857,63.0101,36,1.2879,0.0945,1.1751,1,romantic,romantic,1,1,1,4,0,2025-07-19T00:31:19.091893,
130.0001,0.0544,9.1626,31.0000,3.9651,0.2081,0.2309,62.5426,5.4362,49.8278,38,1.3887,0.0053,1.1794,1,frantic,suspenseful,0,2,2,4,0,2025-07-19T00:39:11.970774,
230.0005,0.0931,4.9084,17.0000,3.1457,0.3709,0.1781,80.5385,7.8507,55.8671,45,1.1503,0.0378,1.0263,1,frantic,suspenseful,2,1,3,4,0,2025-07-19T00:40:11.363276,
91.0001,0.0603,29.8599,79.0000,9.8196,0.1868,0.4017,83.0646,21.3497,53.9201,51,6.5188,0.0035,0.6671,8,uplifting,dreamy,0,3,5,4,2,2025-07-19T00:43:49.018911,
129.0017,0.0420,36.4843,126.0000,11.9114,0.2415,0.5039,104.4872,25.3490,56.4830,81,8.5299,0.0030,0.5660,20,energetic,dreamy,0,3,6,6,2,2025-07-19T00:44:21.803758,
129.0017,0.0787,36.2705,87.0000,11.4654,0.2412,0.5789,112.1232,18.4641,56.0813,68,9.0697,0.0041,0.5614,20,energetic,dreamy,0,3,6,5,2,2025-07-19T00:44:57.381684,
129.0017,0.0522,41.5222,108.0000,12.7193,0.2233,0.4516,107.3161,21.3108,57.7380,67,8.9147,0.0031,0.5714,22,energetic,dreamy,0,3,6,5,2,2025-07-19T00:45:20.413881,
127.0003,0.1101,50.6302,89.0000,14.7106,0.1923,0.4339,103.9749,23.5965,59.7272,66,8.8320,0.0019,0.4538,24,energetic,dreamy,1,3,6,5,2,2025-07-19T00:46:17.842028,
120.0000,0.0670,3.5374,45.0000,3.1432,0.5089,0.2562,73.3538,16.4695,62.5808,28,1.1038,0.0561,1.2019,2,romantic,romantic,1,1,4,3,1,2025-07-19T00:46:27.575485,
77.0001,0.0539,14.2685,89.0000,6.5479,0.4841,0.9110,90.7763,30.8827,51.5728,55,7.4593,0.0108,0.7448,12,dreamy,chill,1,3,6,5,2,2025-07-19T00:47:07.892408,
91.0000,0.0340,16.2513,110.0000,7.3481,0.4930,0.7285,82.3912,25.7365,71.3948,77,7.9555,0.0098,1.0131,13,dreamy,focused,0,3,5,6,2,2025-07-19T00:48:09.367277,
216.0006,0.0598,34.2332,93.0000,10.8477,0.1798,0.1388,107.7858,37.6528,62.3762,56,5.5411,0.0046,0.4629,8,uplifting,ominous,0,3,6,4,2,2025-07-19T00:50:19.156121,
177.0235,0.0716,17.0473,0.0000,6.2435,0.3631,0.5353,80.0000,0.0000,63.1331,53,5.7088,0.0173,0.4075,10,energetic,ominous,1,3,3,4,2,2025-07-19T00:51:37.175862,
110.0001,0.1014,17.9375,10.0000,6.5129,0.2167,0.1633,118.3956,3.0894,51.9008,46,2.5611,0.0045,0.9589,7,energetic,uplifting,1,3,4,4,0,2025-07-19T00:55:19.158418,
135.0001,0.0511,27.7884,97.0000,9.5933,0.1512,0.3112,106.3002,26.9541,51.0690,67,4.4685,0.0036,0.7886,11,energetic,uplifting,0,3,6,5,2,2025-07-19T00:55:48.747395,
100.0000,0.0498,20.1016,115.0000,8.0799,0.5817,0.6545,62.0841,18.5636,58.3031,46,10.4747,0.0082,0.5904,9,dreamy,frantic,0,3,3,4,0,2025-07-19T00:56:33.420170,
126.0001,0.0858,5.4546,30.0000,3.3493,0.4320,0.3374,71.5357,10.7802,67.0482,53,1.8071,0.0340,1.4126,2,romantic,romantic,2,2,4,5,3,2025-07-19T00:57:36.630147,
140.0001,0.0797,9.3333,0.0000,3.8942,0.1071,0.0000,80.0000,0.0000,57.3594,45,0.5000,0.0000,1.5933,1,frantic,suspenseful,0,2,3,5,3,2025-07-19T00:58:05.540739,
68.5775,0.0780,1.8093,21.0000,2.4885,0.8016,0.7191,48.0732,2.9083,67.9122,50,1.6024,0.0875,0.9091,1,dreamy,ominous,1,0,0,4,0,2025-07-19T00:59:12.756549,
102.0001,0.0292,24.3080,114.0000,8.8385,0.2719,0.9147,71.5821,32.7217,54.9734,74,7.1799,0.0059,0.8197,11,uplifting,dreamy,0,3,5,6,2,2025-07-19T01:00:15.686450,
140.0001,0.0882,5.7604,0.0000,3.5177,1.1392,1.1809,100.0000,0.0000,74.2152,52,4.9810,0.0472,1.6392,1,dreamy,suspenseful,2,2,4,5,3,2025-07-19T01:00:59.347057,
126.0001,0.0648,60.6960,104.0000,15.7091,0.1554,0.2663,77.5038,19.8173,54.6572,60,11.2977,0.0023,0.3197,11,energetic,uplifting,0,3,5,4,0,2025-07-19T01:02:11.800308,
60.6667,0.0337,13.5611,107.0000,6.7152,0.7810,1.0903,75.3500,18.9426,58.0715,60,10.9124,0.0139,0.5583,12,romantic,dreamy,0,3,5,4,2,2025-07-19T01:02:34.848037,
132.0004,0.0954,6.6750,88.0000,4.5707,0.5646,0.5560,89.8976,18.6472,58.7865,69,2.4763,0.0398,1.0363,1,dreamy,suspenseful,2,2,5,6,0,2025-07-19T01:02:48.583644,
134.0001,0.0495,21.2365,126.0000,8.3403,0.2333,0.5167,90.4917,21.0952,59.9521,69,5.8576,0.0073,0.4393,12,energetic,romantic,0,3,6,5,2,2025-07-19T01:03:15.971452,
139.6145,0.0532,13.4390,99.0000,6.3259,0.3114,0.2570,96.6683,20.4920,63.8053,77,3.2302,0.0132,0.8386,1,suspenseful,romantic,1,3,6,6,2,2025-07-19T01:04:33.795419,
104.2106,0.0873,6.2745,51.0000,3.9223,0.6259,0.7406,77.4535,8.8106,60.4376,84,2.4319,0.1444,0.2900,1,suspenseful,dreamy,2,2,4,5,2,2025-07-19T01:07:07.993610,
126.0001,0.0809,16.8000,20.0000,6.1103,0.2381,0.0000,100.4688,2.8116,72.6172,24,2.0000,0.0105,0.8714,1,uplifting,dreamy,0,3,4,2,0,2025-07-19T01:08:00.839106,
124.0000,0.0501,41.9891,119.0000,12.7218,0.2120,0.2178,94.1993,22.2314,57.4064,48,6.4941,0.0038,0.5322,15,dreamy,energetic,0,3,6,4,0,2025-07-19T01:08:30.374481,
123.0000,0.0482,25.0434,114.0000,8.9855,0.2757,0.2711,83.1598,25.5469,54.2759,51,6.0066,0.0056,0.6954,8,uplifting,dreamy,0,3,5,4,2,2025-07-19T01:09:24.498931,
138.0599,0.2309,1.2223,2.0000,2.5242,0.7110,0.6546,99.9020,0.6932,81.1765,12,0.8529,0.7748,1.2607,1,dreamy,suspenseful,2,0,4,2,1,2025-07-19T01:10:26.848858,
145.0025,0.0477,25.8117,113.0000,8.9324,0.1824,0.2374,66.2777,20.0593,56.0250,70,5.2941,0.0047,0.6735,4,uplifting,romantic,0,3,3,5,0,2025-07-19T01:13:46.258830,
120.0000,0.0383,39.0685,114.0000,12.0214,0.2310,0.4610,71.6746,21.1034,56.8799,51,7.6902,0.0029,0.5296,7,energetic,dreamy,0,3,5,4,2,2025-07-19T01:14:12.917949,
106.0014,0.0543,23.2070,95.0000,8.5683,0.2161,0.1337,91.4148,23.3336,43.9130,68,4.0278,0.0085,0.1044,16,gritty,dreamy,0,3,6,3,2,2025-07-19T01:14:56.631310,
68.0001,0.0873,3.4995,5.0000,2.6390,0.6682,0.5268,64.8523,1.8802,77.6250,46,1.7557,0.0390,1.3874,1,dreamy,dreamy,2,1,1,5,3,2025-07-19T01:15:16.773395,
91.6676,0.0453,24.8553,112.0000,8.9120,0.1763,0.3556,78.6992,17.1061,61.2156,89,5.0202,0.0058,0.9975,11,suspenseful,dreamy,0,3,5,6,0,2025-07-19T01:17:51.024785,
240.0000,0.1563,7.5114,0.0000,3.8912,0.1478,0.0564,100.0000,0.0000,59.3765,17,0.5769,0.0036,1.0625,1,energetic,energetic,1,2,4,1,0,2025-07-19T01:18:38.720265,
89.2391,0.0496,8.4951,14.0000,3.7485,0.2039,0.1837,60.8390,5.6971,66.0416,55,1.8403,0.0227,0.9892,1,dreamy,ominous,1,2,1,5,0,2025-07-19T01:19:26.551764,
132.9999,0.1420,10.5275,0.0000,4.3685,0.1671,0.0683,99.0000,0.0000,54.4056,47,1.1904,0.0067,1.4656,3,energetic,dreamy,1,3,4,5,3,2025-07-19T01:20:56.648047,
89.9999,0.0767,3.8886,0.0000,2.8128,1.0909,1.1712,80.0000,0.0000,59.3806,65,3.0585,0.1483,0.7884,8,romantic,dreamy,1,1,3,5,2,2025-07-19T01:21:31.902207,
88.1231,0.0381,31.4756,106.0000,10.6710,0.4097,0.9977,101.0895,26.9576,56.3261,82,10.8965,0.0065,0.0883,18,suspenseful,dreamy,0,3,6,2,2,2025-07-19T08:24:03.632684,
154.9999,0.0495,24.0284,119.0000,8.8143,0.1407,0.2973,88.0153,20.5840,51.2277,53,3.7488,0.0049,0.6791,8,energetic,ominous,0,3,5,4,2,2025-07-19T08:31:43.336190,
103.9000,0.0361,36.4688,101.0000,11.5024,0.2153,0.4282,82.5474,20.4380,56.4078,85,8.6201,0.0061,0.4983,18,uplifting,dreamy,0,3,5,6,2,2025-07-19T10:20:12.484433,
165.0002,0.0574,8.1463,0.0000,3.6763,0.4135,0.3998,64.0000,0.0000,59.7674,41,2.6295,0.0191,1.2071,6,uplifting,romantic,1,2,1,4,3,2025-07-19T10:20:58.507599,
74.0001,0.0667,12.2628,64.0000,5.6948,0.4677,0.9292,85.8243,13.4499,56.6656,53,5.9405,0.0248,0.7622,6,dreamy,uplifting,1,3,5,4,2,2025-07-27T12:39:31.284293,
68.5001,0.0619,13.9463,77.0000,6.3681,0.5107,0.4644,96.3512,16.3365,54.5831,67,6.1109,0.0150,0.7598,8,dreamy,romantic,1,3,6,5,2,2025-07-27T12:42:11.485335,
89.8422,0.0623,16.3686,66.0000,6.9989,0.4508,0.4238,106.1405,10.3777,51.6195,67,6.3926,0.0094,1.0544,6,romantic,uplifting,0,3,5,6,0,2025-07-27T12:44:22.883795,
132.7077,0.0809,7.9017,103.0000,5.0048,0.3398,0.5205,64.6530,15.7302,62.3833,65,2.0564,0.0738,0.1272,5,suspenseful,frantic,2,2,3,3,0,2025-07-27T12:49:06.076433,
138.2089,0.0902,10.0893,103.0000,5.2658,0.2719,0.3983,68.8192,19.9473,62.5671,72,2.0358,0.0445,0.0483,5,romantic,frantic,2,3,3,2,0,2025-07-27T12:52:08.509904,
124.0005,0.0940,9.6590,53.0000,4.4853,0.4815,0.1005,65.2297,16.2640,59.1261,24,2.5495,0.0439,0.8867,2,dreamy,focused,2,2,3,2,0,2025-07-27T12:52:52.829745,
120.0000,0.0985,35.0741,57.0000,11.0475,0.1087,0.0968,110.5083,14.7472,58.8064,48,4.2909,0.0043,0.5431,5,energetic,energetic,0,3,5,4,0,2025-07-27T12:53:33.521064,
55.0000,0.0616,12.0924,95.0000,5.9201,0.4979,0.9541,50.9119,16.1127,52.9885,71,7.3727,0.0244,0.1213,10,dreamy,chill,1,3,3,3,0,2025-07-27T12:53:58.752518,
114.0013,0.0443,37.9676,99.0000,11.4879,0.2322,0.4802,100.7373,20.9991,58.4366,65,8.6977,0.0031,0.6580,10,uplifting,uplifting,0,3,6,5,2,2025-07-27T12:55:04.695120,
140.1768,0.0539,14.3997,90.0000,6.3660,0.3761,0.3106,79.3875,12.5140,52.6192,49,4.3138,0.0119,1.0017,4,romantic,uplifting,1,3,5,4,0,2025-07-27T12:57:01.094510,
200.0000,0.0791,17.7451,47.0000,6.8815,0.2507,0.2779,105.5436,11.4705,48.6096,40,3.4653,0.0149,0.0384,5,energetic,romantic,1,3,4,1,0,2025-07-27T12:58:06.782432,
118.9999,0.0395,10.8096,108.0000,6.0797,0.7574,0.7471,83.3900,10.4799,53.7966,67,7.6671,0.0143,1.2037,12,romantic,romantic,0,3,5,6,1,2025-07-27T12:59:48.856977,
114.0013,0.0443,37.9676,99.0000,11.4879,0.2322,0.4802,100.7373,20.9991,58.4366,65,8.6977,0.0031,0.6580,10,uplifting,energetic,0,3,6,5,2,2025-07-27T12:55:04.695120,
120.0000,0.1406,2.4056,10.0000,2.5119,0.3690,0.2610,107.1362,4.5207,52.7840,23,0.6362,0.0974,1.4410,1,suspenseful,suspenseful,2,1,4,3,1,2025-07-27T13:26:39.589567,
163.1430,0.0486,33.1220,126.0000,10.6303,0.1283,0.2490,84.1758,26.2259,48.2817,48,4.6927,0.0037,0.7281,10,gritty,energetic,0,3,5,4,0,2025-07-27T13:29:10.624119,
170.0003,0.0742,14.9421,67.0000,6.4484,0.2536,0.4250,114.0366,6.4456,50.3862,67,3.8785,0.0121,1.1560,8,gritty,energetic,1,3,5,6,0,2025-07-27T13:36:24.409318,
117.6319,0.0851,9.0630,86.0000,5.1607,0.3856,0.2942,88.3107,16.7613,58.9811,69,2.2584,0.0201,1.0454,2,romantic,romantic,2,2,5,6,0,2025-07-27T13:38:32.377424,
160.0000,0.0758,26.0583,31.0000,8.8023,0.3321,0.2223,100.9393,9.8890,49.0529,46,6.2323,0.0059,0.5570,4,romantic,energetic,0,3,4,4,0,2025-07-27T13:40:20.533711,
192.0000,0.0784,11.7670,91.0000,5.7612,0.2125,0.2380,107.9163,6.5247,47.4267,52,1.7695,0.0112,1.0275,13,energetic,dreamy,1,3,6,5,0,2025-07-27T13:41:20.742196,
165.0002,0.0761,14.2273,89.0000,6.2512,0.1278,0.1749,96.8604,10.8670,64.3790,69,1.7228,0.0051,0.9516,1,frantic,romantic,0,3,6,6,0,2025-07-27T13:43:23.473369,
73.0481,0.0557,11.2213,113.0000,6.1143,0.4195,1.2723,94.6492,20.7385,54.2737,57,6.2475,0.0198,0.6030,15,dreamy,suspenseful,1,3,6,4,2,2025-07-27T13:44:03.172566,
103.3334,0.0379,18.0070,126.0000,7.8558,0.4610,0.7327,93.3465,19.1409,57.3241,84,8.5636,0.0152,0.3979,13,frantic,dreamy,0,3,6,4,0,2025-07-27T13:45:00.020665,
60.0000,0.0898,13.9930,0.0000,6.0180,0.6750,0.8957,127.0000,0.0000,60.3244,91,9.2513,0.0283,0.0213,9,dreamy,dreamy,2,3,4,2,2,2025-07-27T13:45:40.837703,
170.0001,0.0744,25.4224,16.0000,8.3671,0.1488,0.1248,126.9939,0.3125,49.5649,52,3.6775,0.0050,0.9310,4,uplifting,uplifting,0,3,4,5,0,2025-07-27T13:46:21.228151,
120.0000,0.0606,32.1441,76.0000,10.0004,0.1195,0.1522,100.8101,22.5818,55.1084,62,4.5391,0.0040,0.6361,8,uplifting,focused,0,3,6,5,2,2025-07-27T13:47:09.128238,
130.0024,0.0660,12.3278,109.0000,5.8660,0.1289,0.1235,84.5715,14.7992,59.2334,64,2.0758,0.0100,1.1569,1,uplifting,romantic,1,3,5,6,0,2025-07-27T13:54:15.447341,
131.0015,0.0455,22.3705,93.0000,8.0537,0.0870,0.1427,73.8613,25.4319,54.9297,54,3.2397,0.0060,0.5968,6,energetic,focused,0,3,5,4,2,2025-07-27T13:55:05.312303,
80.0000,0.0726,2.7778,25.0000,2.5732,0.7125,0.3149,56.2200,5.7777,63.4600,29,1.1200,0.0999,1.3499,1,chill,dreamy,1,1,1,3,1,2025-07-27T13:56:04.167501,
150.0000,0.1346,5.0000,0.0000,3.2892,1.0141,0.8212,100.0000,0.0000,61.0938,29,3.2656,0.1263,1.3766,1,uplifting,suspenseful,2,1,4,3,1,2025-07-27T13:56:59.322054,
102.0018,0.0352,22.5645,126.0000,8.9175,0.3303,0.6210,92.5027,28.9040,56.5765,68,8.7950,0.0083,0.8600,9,dreamy,romantic,0,3,6,6,2,2025-07-27T13:57:31.171095,
74.0000,0.0399,15.7143,102.0000,7.2138,0.3986,0.7157,93.2227,27.4526,52.5964,56,7.2673,0.0152,0.7051,8,dreamy,uplifting,0,3,6,4,2,2025-07-27T13:59:10.132808,
100.0000,0.0756,5.4280,98.0000,3.9318,0.4531,0.3543,69.4269,15.6250,56.8812,72,2.5824,0.0440,1.0558,1,romantic,suspenseful,1,2,3,6,0,2025-07-27T14:00:01.020538,
81.0001,0.0347,11.1255,116.0000,6.1656,0.6988,0.6583,74.4511,21.4547,57.3540,62,7.4712,0.0240,0.8787,8,romantic,dreamy,1,3,5,5,2,2025-07-27T14:08:27.799396,
137.0001,0.1658,5.6814,0.0000,3.3151,0.1580,0.1098,100.0000,0.0000,52.8354,22,0.8165,0.0105,1.4213,2,energetic,focused,1,2,4,3,3,2025-07-27T14:09:04.368615,
166.0183,0.0615,20.3954,82.0000,8.0505,0.4166,0.6134,95.4804,17.3447,57.7548,50,9.2680,0.0078,0.6467,9,uplifting,dreamy,0,3,6,4,0,2025-07-27T14:10:06.616162,
80.6258,0.1035,8.6903,20.0000,4.1154,0.3254,0.4220,92.8044,4.1851,67.2266,48,1.9069,0.0460,0.1260,3,suspenseful,energetic,2,2,4,2,0,2025-07-27T14:10:42.641097,
120.0000,0.0965,8.2159,0.0000,4.1974,0.3095,0.3840,127.0000,0.0000,63.1919,48,1.6133,0.0483,0.0450,12,suspenseful,frantic,2,2,4,2,0,2025-07-27T14:11:35.536742,
83.6000,0.0432,27.5118,126.0000,9.7243,0.2377,0.3398,81.9841,24.4200,55.6792,63,6.4928,0.0036,0.3386,13,uplifting,uplifting,0,3,5,4,0,2025-07-27T16:40:25.965286,
66.6668,0.0532,8.9085,112.0000,5.3573,0.6029,0.8373,89.1151,28.0306,56.9937,56,3.9542,0.0233,1.2865,1,suspenseful,uplifting,1,2,5,6,1,2025-07-27T16:40:49.319383,
51.7143,0.0797,5.8057,75.0000,4.3246,1.0140,0.9265,102.1031,21.6158,60.5417,58,6.2144,0.0432,0.9305,9,suspenseful,dreamy,2,2,6,5,0,2025-07-27T16:41:34.610714,
140.0001,0.1941,4.9885,0.0000,3.1813,0.2281,0.0757,100.0000,0.0000,53.8710,38,0.9516,0.0335,1.7015,1,romantic,energetic,2,1,4,4,1,2025-07-27T16:42:13.033165,
140.0001,0.1753,2.8857,0.0000,2.7141,0.9040,0.7969,100.0000,0.0000,64.6875,48,1.2500,0.4000,0.9556,2,romantic,uplifting,2,1,4,4,0,2025-07-27T16:43:03.457536,
120.0000,0.1051,8.6954,0.0000,4.3589,0.5691,0.9481,115.0000,0.0000,53.8129,33,3.9604,0.0107,1.3240,2,romantic,energetic,1,2,4,4,3,2025-07-27T16:44:06.162078,
140.0001,0.2408,4.8854,0.0000,3.1767,0.3422,0.4699,100.0000,0.0000,63.0448,34,1.0075,0.1311,1.1628,1,suspenseful,energetic,2,1,4,3,0,2025-07-27T16:45:28.362187,
85.0003,0.0668,5.9971,113.0000,4.3252,0.3445,0.3188,67.3306,20.2766,62.6294,76,2.4879,0.0639,1.2490,1,romantic,romantic,1,2,3,6,1,2025-07-27T16:46:08.579365,
137.7518,0.0378,28.5842,100.0000,9.7088,0.2770,0.6147,88.9368,23.5769,55.9342,58,8.0846,0.0055,0.7800,13,dreamy,energetic,0,3,5,5,2,2025-07-27T16:47:00.951924,
72.0000,0.0960,5.4885,41.0000,3.7069,0.5858,0.4671,102.4229,14.9170,60.3432,55,2.1353,0.0341,1.1199,6,dreamy,uplifting,2,2,4,5,0,2025-07-27T16:47:25.338707,
132.0001,0.1148,56.2677,0.0000,14.6460,0.1338,0.0974,127.0000,0.0000,62.2788,64,7.2994,0.0035,0.4398,9,frantic,dreamy,1,3,4,4,2,2025-07-27T16:48:02.070786,
110.0001,0.1097,9.9774,30.0000,4.5084,0.4658,0.3961,81.4744,6.4853,63.6104,62,3.5329,0.0353,0.4193,3,romantic,uplifting,2,2,3,4,0,2025-07-27T18:16:13.420646,
96.0000,0.0775,4.1790,76.0000,3.8083,1.1978,0.8523,86.8085,15.9242,64.5372,51,4.1543,0.0672,1.4455,1,romantic,romantic,1,1,5,5,3,2025-07-27T18:17:37.397547,
210.0032,0.0836,17.8254,95.0000,7.3882,0.3713,0.3996,98.7429,33.8726,65.5612,84,5.4869,0.0156,0.2733,10,dreamy,frantic,2,3,6,4,2,2025-07-27T18:18:03.921978,
165.0002,0.0645,6.3679,16.0000,3.4531,0.4945,0.5242,64.0136,0.4668,64.3952,57,2.3433,0.0301,0.5405,2,dreamy,frantic,1,2,1,4,0,2025-07-27T18:20:47.899637,
140.0001,0.0736,3.1354,0.0000,2.5137,0.2098,0.0000,61.0000,0.0000,71.2558,10,0.5000,0.0222,1.4098,1,romantic,energetic,1,1,1,1,3,2025-07-27T18:21:07.073524,
120.0000,0.0804,3.3333,36.0000,3.3125,0.6906,0.5833,95.2000,12.2376,62.1250,43,1.9375,0.1771,1.1796,3,suspenseful,uplifting,2,1,4,4,0,2025-07-27T18:31:43.860706,
132.4578,0.0624,7.8437,26.0000,3.8569,0.4327,0.4641,58.5753,6.9726,57.3087,55,3.3209,0.0188,0.8209,1,suspenseful,frantic,1,2,1,5,0,2025-07-27T18:34:14.266975,
118.1403,0.0549,10.5382,27.0000,4.3121,0.2390,0.2065,61.1213,6.8263,60.6716,60,1.7929,0.0095,1.1496,1,suspenseful,energetic,0,3,1,5,0,2025-07-27T18:34:59.079746,
120.0000,0.0786,6.4548,104.0000,4.4900,0.3328,0.3115,70.7091,14.7119,59.8413,60,2.3612,0.0415,1.3226,1,uplifting,romantic,1,2,5,6,1,2025-07-27T18:35:59.496681,
85.0003,0.0778,12.1707,77.0000,5.7514,0.4944,0.3864,54.5846,17.6669,54.0383,41,6.3173,0.0256,0.9482,10,romantic,dreamy,1,3,3,4,0,2025-07-27T18:36:23.765025,
104.0000,0.0336,26.5042,126.0000,9.5945,0.2919,0.3224,79.8716,32.9270,54.6828,45,8.2902,0.0067,0.6081,5,uplifting,dreamy,0,3,5,4,2,2025-07-27T18:37:04.019998,
173.0004,0.0384,24.3133,126.0000,8.9495,0.2737,0.3199,74.8082,39.4880,55.5371,56,6.3878,0.0077,0.8318,9,energetic,dreamy,0,3,5,5,2,2025-07-27T18:37:51.095971,
120.9002,0.0536,24.8020,90.0000,8.8075,0.1869,0.5295,106.2346,29.4016,51.2110,69,5.8424,0.0047,0.7026,6,energetic,uplifting,0,3,6,5,2,2025-07-27T18:38:31.150206,
98.3085,0.0738,30.9250,66.0000,10.0303,0.2447,0.2804,105.4125,14.4291,57.7037,53,5.4373,0.0038,0.6474,8,energetic,uplifting,0,3,5,4,2,2025-07-27T18:39:38.169838,
60.0000,0.0611,11.4555,108.0000,6.1059,0.7163,0.6641,90.4360,23.0847,58.4661,55,6.1725,0.0242,0.1143,8,dreamy,uplifting,1,3,6,3,2,2025-07-27T18:56:18.477627,
165.3280,0.1034,9.6107,121.0000,5.4149,0.2068,0.3404,81.6746,20.8769,65.0283,75,2.2366,0.0382,0.0972,4,suspenseful,energetic,2,2,5,3,2,2025-07-27T18:56:24.969966,
80.5000,0.0361,19.2112,101.0000,7.7305,0.5311,0.6812,78.3339,14.9735,54.4523,64,10.1343,0.0152,0.5135,12,dreamy,uplifting,0,3,5,4,2,2025-07-28T11:12:34.947916,
72.3333,0.0318,20.6805,126.0000,8.3925,0.5472,1.2030,74.3692,23.3501,47.4453,67,12.1071,0.0082,0.0496,13,dreamy,uplifting,0,3,5,2,2,2025-07-28T11:14:29.987631,
71.2383,0.0524,42.2830,126.0000,12.9041,0.3665,0.9005,60.0926,37.8418,48.7711,63,17.3141,0.0033,0.3466,12,dreamy,romantic,0,3,3,4,0,2025-07-28T11:16:50.759841,
120.0000,0.0646,5.9362,106.0000,4.1890,0.3240,0.3483,43.0349,20.1959,63.9928,57,2.3244,0.0314,0.6029,1,romantic,romantic,1,2,2,4,0,2025-07-28T11:17:18.964815,
120.0000,0.1931,1.9883,66.0000,3.4808,0.4883,0.4566,101.7638,15.3991,66.0472,19,0.5591,0.2917,1.2522,1,dreamy,uplifting,2,0,5,2,1,2025-07-28T11:18:47.155234,
107.9999,0.0686,20.3435,72.0000,7.6633,0.3230,0.5671,75.2954,22.7999,53.6908,66,7.6618,0.0120,0.6116,5,uplifting,focused,1,3,5,5,0,2025-07-28T11:19:12.009102,
140.0001,0.1450,12.1002,0.0000,4.7512,0.1763,0.3067,99.0000,0.0000,57.0723,38,1.6566,0.0040,1.4177,3,energetic,dreamy,1,3,4,4,3,2025-07-28T11:20:03.673141,
131.0015,0.0306,22.9848,107.0000,8.7377,0.4031,0.4669,78.1323,16.8826,56.3034,60,8.9074,0.0090,0.7703,12,uplifting,uplifting,0,3,5,5,2,2025-07-28T11:21:22.148287,
135.0001,0.0892,8.6456,10.0000,3.8388,0.3945,0.2449,44.1870,3.3138,73.1382,55,3.2642,0.0334,1.1011,1,romantic,uplifting,2,2,0,5,0,2025-07-28T11:23:14.625253,
69.0000,0.0552,24.6901,98.0000,8.7890,0.3648,0.5485,59.7598,23.1833,49.5102,57,7.6106,0.0051,0.7553,15,dreamy,uplifting,0,3,3,5,2,2025-07-28T11:24:07.243738,
135.0001,0.0642,13.5495,77.0000,6.3937,0.6036,0.7179,92.2873,11.3392,54.7848,55,7.0038,0.0252,0.6407,3,uplifting,dreamy,1,3,6,4,0,2025-07-28T11:25:28.020507,
61.9005,0.0355,33.6276,101.0000,10.9047,0.2717,0.4920,84.8135,19.0211,58.9134,62,9.7391,0.0061,0.1622,12,uplifting,romantic,0,3,5,3,2,2025-07-28T11:26:59.016733,
80.7700,0.0372,16.3007,104.0000,7.4525,0.4822,0.4282,83.9656,23.7363,58.1912,63,10.7761,0.0145,0.7165,8,romantic,suspenseful,0,3,5,5,2,2025-07-28T11:28:06.179901,
138.0008,0.1130,58.8857,117.0000,15.8171,0.0697,0.0727,71.5165,26.9618,50.6021,55,5.4285,0.0015,0.4370,16,frantic,dreamy,1,3,5,4,2,2025-07-28T11:44:59.688389,Cotton-Eye-Joe-2.mid
134.2300,0.0544,15.4080,126.0000,7.1134,0.4077,1.0133,91.4648,22.6146,44.1345,72,5.1395,0.0101,0.5907,9,gritty,uplifting,1,3,6,5,2,2025-07-28T11:47:52.281803,countdown.MID
120.0000,0.0559,15.1274,92.0000,6.7572,0.3948,1.8005,108.5220,18.2616,55.3090,60,6.6586,0.0144,0.7314,9,uplifting,dreamy,1,3,6,5,0,2025-07-28T11:48:38.347200,Country-&-Western-(Medley).mid
144.0002,0.2210,2.2766,0.0000,2.3725,0.2353,0.1526,64.0000,0.0000,80.5452,32,0.5030,0.8147,0.4253,1,uplifting,uplifting,2,1,1,3,0,2025-07-28T11:49:22.747826,Cowboy Bebop - Cat Blues.mid
70.0001,0.1077,5.9155,63.0000,4.2542,0.5683,0.7497,107.0187,19.5379,60.3247,55,2.4261,0.0493,0.1540,1,romantic,romantic,2,2,5,3,0,2025-07-28T11:50:12.284119,Cowboy Bebop - The Real Folk Blues.mid
165.0002,0.0502,18.6627,114.0000,7.5004,0.2751,0.4932,93.5173,29.0696,47.3056,46,5.0773,0.0097,0.6892,6,gritty,energetic,0,3,6,4,2,2025-07-28T11:50:42.340772,Cranberries - Zombie.mid
116.0001,0.0507,25.0940,126.0000,9.1320,0.1915,0.3180,85.6421,30.5229,51.9712,85,5.9715,0.0080,0.6235,14,uplifting,romantic,0,3,5,6,2,2025-07-28T11:51:28.384721,CREEDENCE C.R.Have you ever seen the rain K.mid
93.0002,0.0361,23.0113,99.0000,8.7183,0.3342,0.3947,86.2516,26.2837,58.3528,49,9.3674,0.0091,0.5257,9,romantic,uplifting,0,3,5,4,0,2025-07-28T11:52:26.322744,Creep.mid
148.0001,0.1460,5.0130,0.0000,3.2010,0.1503,0.0507,100.0000,0.0000,70.4688,8,0.5000,0.0000,1.0086,1,energetic,suspenseful,1,2,4,1,0,2025-07-29T16:56:55.421627,Da Boy Tommy - Halloween.mid
125.0000,0.1265,4.6875,0.0000,3.3515,0.2133,0.1099,127.0000,0.0000,70.2222,12,0.5000,0.0124,1.5717,1,uplifting,uplifting,1,1,4,2,1,2025-07-29T17:22:54.514333,Daft Punk - Digital Love.mid
120.0000,0.0640,12.7915,80.0000,6.0099,0.5152,0.6356,94.0586,17.4317,50.9058,46,6.2445,0.0266,0.5045,9,focused,uplifting,1,3,6,4,0,2025-07-29T17:23:56.180681,Daft Punk - One More Time.mid
135.0014,0.0509,18.3079,110.0000,7.4374,0.2306,0.2456,79.6711,24.3583,58.7891,64,5.3974,0.0079,0.7047,6,uplifting,dreamy,0,3,5,5,2,2025-07-29T17:24:29.078898,Dancing-In-The-Moonlight.mid
101.0016,0.0400,37.3722,107.0000,11.5471,0.1526,0.4078,86.0230,20.4866,56.0846,77,7.0464,0.0028,0.8416,11,romantic,uplifting,0,3,5,6,2,2025-07-29T17:25:11.669715,Dancing-Queen-1.mid
100.0000,0.0787,2.5571,60.0000,3.4204,0.3252,0.3023,92.8552,16.7728,73.3756,24,0.5905,0.0880,1.4516,1,uplifting,uplifting,1,1,5,3,1,2025-07-29T17:26:00.397484,Dark Cloud - Dark Cloud Main Theme.mid
53.3820,0.0805,2.9063,52.0000,3.0227,1.0865,1.2988,47.0995,7.0549,65.2279,58,3.2657,0.2112,0.2034,1,chill,romantic,2,1,2,3,0,2025-07-29T17:27:42.931965,Dark Souls II - Menu Theme (1).mid
53.3820,0.0805,2.9063,52.0000,3.0227,1.0865,1.2988,47.0995,7.0549,65.2279,58,3.2657,0.2112,0.2034,1,chill,romantic,2,1,2,3,0,2025-07-29T17:28:14.444133,Dark Souls II - Menu Theme.mid
140.0001,0.0424,20.2013,119.0000,8.2220,0.4614,0.9009,87.5135,40.0559,51.3918,51,9.2881,0.0249,0.1046,12,dreamy,uplifting,1,3,5,2,2,2025-07-29T17:28:56.623002,Darude - Bitter Sweet.mid
137.9999,0.0631,33.5585,0.0000,10.3298,0.2347,0.1110,64.0000,0.0000,55.6804,50,5.2940,0.0031,0.7758,5,energetic,dreamy,0,3,1,4,0,2025-07-29T17:30:05.615992,Darude - Calm Before The Storm (BTS Mix).mid
100.0000,0.0562,37.1137,97.0000,11.4353,0.1546,0.5768,92.1889,23.5529,58.8685,86,5.0196,0.0034,0.4835,11,energetic,focused,0,3,6,6,2,2025-07-29T17:31:40.206726,darude-sandstorm.mid
130.0001,0.0692,9.7969,48.0000,4.4545,0.2307,0.2986,92.2525,9.4166,48.3424,49,1.7201,0.0212,1.2330,3,energetic,energetic,1,2,4,5,1,2025-07-29T17:34:27.603067,David Guetta - Love Is Gone.mid
119.9827,0.0658,9.4536,87.0000,5.1782,0.4940,0.6585,66.2002,14.7503,53.9785,55,4.4236,0.0168,0.7848,6,suspenseful,dreamy,1,2,3,5,2,2025-07-29T17:35:01.245439,Death Note - Light's Theme.mid
83.1587,0.0862,6.3132,88.0000,4.4014,0.6809,0.7656,57.4112,12.8768,66.2810,70,4.3291,0.0744,0.6214,1,romantic,romantic,2,2,3,5,0,2025-07-29T17:36:54.888690,debussy-clair-de-lune.mid
92.0014,0.0428,23.9927,126.0000,8.9489,0.3378,0.6101,108.7615,22.1048,55.3379,65,7.9460,0.0185,0.0241,7,uplifting,dreamy,1,3,6,2,2,2025-07-29T17:37:24.880933,Deep Purple - Hallelujah.mid
115.0000,0.1099,4.9414,62.0000,4.0537,0.3930,0.6471,120.5939,14.3607,44.0727,59,1.7727,0.0295,1.7343,4,uplifting,focused,2,1,5,6,3,2025-07-29T17:37:52.781836,Depeche Mode - Halo.mid
130.0001,0.1170,12.0328,0.0000,4.6831,0.1146,0.0498,100.0000,0.0000,48.9180,41,1.3682,0.0113,1.2492,3,uplifting,uplifting,1,3,4,4,3,2025-07-29T17:39:45.831736,Depeche Mode - Just Can't Get Enough.mid
140.0001,0.0606,21.9623,69.0000,8.0867,0.3410,0.3486,108.5567,12.9788,54.4934,103,7.5565,0.0092,0.4029,18,uplifting,uplifting,0,3,5,6,0,2025-07-29T17:40:18.579614,Digimon-BraveHeart.mid
170.0001,0.0398,32.3524,97.0000,10.7287,0.2908,0.8731,108.4401,9.8356,54.5680,67,10.1237,0.0060,0.0618,12,energetic,dreamy,0,3,6,2,2,2025-07-29T17:41:13.015049,Dire Straits - Walk of Life.mid
109.9999,0.0977,9.9777,19.0000,4.8809,0.4742,0.5447,122.2377,4.6236,57.6066,67,8.7131,0.0028,1.6496,7,dreamy,dreamy,0,2,4,7,3,2025-07-29T17:42:43.438100,disney.mid
165.0002,0.0542,20.2370,61.0000,7.2288,0.1386,0.1315,74.9242,9.1455,58.1353,49,3.2955,0.0063,0.8883,6,uplifting,uplifting,0,3,5,4,0,2025-07-29T17:43:14.913067,dixie.mid
118.3098,0.0557,3.3500,26.0000,2.8133,0.6022,0.3841,75.6832,6.1335,72.5093,31,1.8043,0.0701,1.3432,1,romantic,dreamy,1,1,3,3,1,2025-07-29T17:43:53.021801,Do You Remember My Lullaby - Lullaby Music Box.mid
170.0006,0.0595,17.9275,95.0000,7.3499,0.4328,0.6560,62.8034,16.6682,59.2979,65,7.9792,0.0112,0.8560,10,uplifting,romantic,1,3,3,5,2,2025-07-29T17:44:48.295775,Do-Re-Mi-(From-'The-Sound-Of-Music').mid
71.9530,0.1245,6.0303,63.0000,4.1429,0.3942,0.9879,55.9447,11.0420,59.5517,67,1.6091,0.0441,0.0636,2,romantic,energetic,2,2,3,2,0,2025-07-29T17:45:37.437666,Donkey Kong Country - Aquatic Ambience.mid
121.6425,0.1045,9.8502,77.0000,5.1008,0.2820,0.3416,77.4422,14.8253,54.3559,53,2.0593,0.0143,0.7385,1,romantic,uplifting,1,2,5,4,0,2025-07-29T17:46:33.637349,Donkey Kong Country - Main Theme.mid
92.9800,0.0524,7.3919,31.0000,3.7383,0.4350,0.7564,61.4125,7.3651,64.8993,66,2.3875,0.0228,1.1773,2,romantic,uplifting,1,2,2,6,0,2025-07-29T17:48:19.868761,Donkey Kong Country 2 Diddys Kong Quest - Forest Interlude.mid
120.0000,0.1436,2.9277,0.0000,2.7276,0.3957,0.3316,110.0000,0.0000,48.9438,46,0.8371,0.0689,1.4494,2,romantic,dreamy,2,1,4,5,3,2025-07-29T17:51:24.870608,Donkey Kong Country 2 Diddys Kong Quest - Ice.mid
118.7376,0.0562,9.2376,27.0000,3.9474,0.2243,0.1974,66.5645,7.3132,56.7073,36,2.0122,0.0113,1.3353,1,suspenseful,energetic,1,2,1,4,1,2025-07-29T18:24:56.464329,Donkey Kong Country 2 Diddys Kong Quest - Island Map.mid
80.0000,0.0842,8.0381,103.0000,5.2614,0.6052,1.0078,106.6739,15.0654,50.3275,58,4.5584,0.0364,0.9157,28,dreamy,ominous,2,2,6,5,0,2025-07-29T18:26:10.601053,doom.mid
120.0000,0.2618,4.8242,0.0000,3.3780,0.1598,0.0560,127.0000,0.0000,67.8777,43,1.1502,2.2830,0.0696,1,romantic,suspenseful,2,1,4,2,0,2025-07-29T18:26:45.743261,Dougal and Gammer - The 6th Gate.mid.mid
96.0000,0.0987,13.2014,31.0000,5.3277,0.3338,0.1497,110.6721,15.4779,73.8233,50,2.3472,0.0176,0.5963,3,dreamy,uplifting,2,3,4,4,0,2025-07-29T18:28:15.974078,Dr Dre - Still Dre.mid
95.0013,0.1064,9.7399,66.0000,4.9837,0.1329,0.0987,96.2390,29.7462,65.3563,68,1.0163,0.0058,0.6981,3,suspenseful,energetic,1,2,5,5,2,2025-07-29T18:28:27.384178,DR.DRE.Murderink.mid
140.0001,0.0755,11.2769,14.0000,4.5487,0.1169,0.0510,88.4577,5.3261,61.6301,41,1.0690,0.0049,1.0582,4,energetic,dreamy,0,3,3,4,0,2025-07-29T18:29:21.003909,Dragon - The Dragon (Fridge Mix).mid
120.0000,0.1115,1.9524,0.0000,2.4054,0.4639,0.3889,80.0000,0.0000,70.2561,15,0.5000,0.1652,0.8801,1,romantic,dreamy,2,0,3,2,0,2025-07-29T18:29:56.461128,Dragon Ball Z - Boku-tachi Wa Tenshi Datta.mid
135.0001,0.0558,9.5314,0.0000,3.9606,0.2690,0.1957,64.0000,0.0000,61.4230,57,1.6902,0.0164,1.1267,1,uplifting,romantic,1,2,1,5,0,2025-07-29T18:31:06.616011,Dragonball - Makafushigi adobenchaa!.mid
96.0000,0.0380,22.1385,92.0000,8.3520,0.4619,0.7471,82.9181,16.5669,52.9457,75,10.0872,0.0072,0.6761,10,uplifting,dreamy,0,3,5,6,2,2025-07-29T18:32:22.171948,drake-find_your_love.mid
84.5418,0.0933,5.1410,68.0000,3.8559,0.4706,0.4494,79.8007,9.8189,60.2199,38,1.7648,0.0545,0.7663,1,dreamy,romantic,2,2,5,3,0,2025-07-29T18:32:53.428111,Duarte_Russiana_Op.119_3.Kalinka.mid
123.0612,0.0515,24.4589,116.0000,8.7839,0.1602,0.1867,80.8000,21.8134,66.7775,64,3.8486,0.0111,0.4098,7,energetic,uplifting,0,3,5,4,2,2025-07-29T18:34:28.027605,Eine-Kleine-Nachtmusik-2.mid
64.6473,0.0332,29.6064,106.0000,9.9356,0.2506,0.2979,79.5193,21.9543,69.3934,63,6.9663,0.0040,0.3164,10,dreamy,dreamy,0,3,5,4,2,2025-07-30T11:45:09.034128,El-Condor-Pasa (1).mid
64.6473,0.0332,29.6064,106.0000,9.9356,0.2506,0.2979,79.5193,21.9543,69.3934,63,6.9663,0.0040,0.3164,10,dreamy,dreamy,0,3,5,4,2,2025-07-30T11:47:06.969247,El-Condor-Pasa.mid
180.0002,0.0691,7.2395,0.0000,3.6812,0.4348,0.2665,64.0000,0.0000,60.5267,52,2.2165,0.0272,1.5429,2,uplifting,romantic,1,2,1,5,3,2025-07-30T11:47:42.492397,Elfen Lied - Elfen Lied - Be Your Girl.mid
95.3031,0.1015,5.0325,0.0000,3.3323,0.5551,0.4170,110.0000,0.0000,64.5032,45,2.1645,0.0468,1.2328,2,romantic,dreamy,2,2,4,4,3,2025-07-30T11:48:08.379312,Elfen Lied - Hanayou.mid
118.5284,0.0544,4.2665,28.0000,3.0331,0.5624,0.1720,67.3537,5.1397,70.2087,44,1.3702,0.0655,0.8271,1,romantic,suspenseful,1,1,1,4,0,2025-07-30T12:00:46.182685,Elfen Lied - Uso Sora.mid
189.1000,0.0526,38.5723,116.0000,11.8548,0.1244,0.1232,86.1311,23.8875,53.3732,43,4.6660,0.0031,0.4273,6,energetic,uplifting,0,3,5,3,0,2025-07-30T12:06:14.261206,Elvis Presley - Blue Suede Shoes.mid
165.9999,0.0376,29.0674,105.0000,9.9628,0.2722,0.4080,91.0175,23.3783,58.0936,74,7.8692,0.0033,0.8953,11,energetic,uplifting,0,3,6,6,2,2025-09-20T20:01:45.433058,Elvis Presley - Jailhouse Rock.mid
88.0000,0.1265,2.5977,88.0000,3.8118,0.8898,0.8227,115.7557,23.0923,68.8382,58,1.9376,0.1666,1.1823,1,ominous,suspenseful,2,1,6,5,0,2025-09-20T20:05:14.164238,Eminem - Detroit Vs. Everybody.mid
151.0001,0.0901,14.8618,0.0000,5.8170,0.3174,0.4091,127.0000,0.0000,44.2472,67,3.3634,0.0277,0.0448,8,uplifting,gritty,2,3,4,2,2,2025-09-20T20:08:48.146945,Eminem - Guilty Conscience.mid
