tempo,swing,density,dynamic_range,energy,mean_note_length,std_note_length,velocity_mean,velocity_std,pitch_mean,pitch_range,avg_polyphony,syncopation,onset_entropy,instrument_count,timestamp,mood,rhythmic_density,timing_feel,dynamic_intensity,fill_activity,fx_character
126.0001,0.0614,19.1159,82.0000,7.4602,0.2255,0.2478,94.1486,20.3614,62.3922,53,5.1707,0.0154,0.6206,10,2025-07-03T16:28:12.174623,chill,3,1,6,4,2
109.5167,0.0810,14.4172,117.0000,6.5181,0.2084,0.8545,93.8228,23.7183,70.0618,80,2.1064,0.0184,0.1436,4,2025-07-03T16:28:12.498872,chill,3,2,6,4,2
140.0001,0.0473,20.1914,124.0000,7.9257,0.2706,0.4648,29.9242,46.2750,52.5379,35,5.2509,0.0067,1.0276,3,2025-07-03T16:28:12.683410,chill,3,0,0,3,0
72.7907,0.0396,15.4110,110.0000,7.1489,0.5160,0.7213,83.2292,16.9192,57.5252,60,8.0163,0.0209,0.3569,15,2025-07-03T16:28:13.102569,chill,3,1,5,4,0
122.0008,0.0519,26.1692,117.0000,9.3278,0.3118,0.6915,99.5097,28.1278,50.0645,40,8.7789,0.0054,0.6638,5,2025-07-03T16:28:13.316715,chill,3,0,6,4,0
168.9998,0.0757,25.6328,27.0000,8.5063,0.2705,0.5707,126.9036,1.1548,49.8843,70,6.7528,0.0053,0.6660,9,2025-07-03T16:28:13.697086,chill,3,0,4,5,2
83.4448,0.0364,16.8031,111.0000,7.3598,0.3145,0.5620,78.4585,22.5152,56.1555,60,6.8017,0.0147,0.6637,6,2025-07-03T16:28:13.982796,chill,3,0,5,5,2
140.0001,0.1076,11.8754,0.0000,4.8601,0.2673,1.0059,99.0000,0.0000,58.4578,51,3.2760,0.0121,0.6259,5,2025-07-03T16:28:14.180659,chill,3,1,4,4,0
132.6494,0.0404,36.4095,126.0000,11.8837,0.2248,0.4703,103.8033,24.0354,56.2903,62,7.9957,0.0033,0.2720,16,2025-07-03T16:28:14.624686,chill,3,0,6,4,0
132.9999,0.0370,36.9784,110.0000,11.7923,0.1965,0.7156,77.0911,27.2114,60.5925,75,7.8470,0.0023,0.6555,18,2025-07-03T16:28:15.037682,chill,3,0,5,5,2
137.9999,0.1776,2.3000,0.0000,2.4516,0.2129,0.0000,99.0000,0.0000,48.2353,36,0.6618,0.1607,1.2905,2,2025-07-03T16:28:15.245376,chill,1,2,4,4,3
140.0001,0.1073,9.0417,1.0000,4.1601,0.3066,0.5782,100.3871,0.4871,55.0565,55,2.4032,0.0107,1.4265,4,2025-07-03T16:28:15.460952,chill,2,1,4,5,3
136.0001,0.0530,21.4233,114.0000,8.4144,0.3198,0.4747,108.9568,21.9338,47.1410,51,5.3760,0.0081,0.5786,8,2025-07-03T16:28:15.752974,chill,3,0,6,4,2
77.0000,0.0375,16.6065,109.0000,7.4136,0.4541,0.6745,91.0749,15.7339,55.1676,63,7.7145,0.0109,0.9341,7,2025-07-03T16:28:16.006242,chill,3,0,6,5,0
98.4044,0.0563,7.5013,31.0000,3.7596,0.2791,0.1739,62.0653,6.7467,57.4337,52,1.4644,0.0223,1.3121,1,2025-07-03T16:28:16.252942,chill,2,1,2,5,1
86.6909,0.0641,3.4991,21.0000,2.6598,0.5887,0.5260,63.7879,5.0857,63.0101,36,1.2879,0.0945,1.1751,1,2025-07-03T16:28:16.498653,chill,1,1,1,4,0
130.0001,0.0544,9.1626,31.0000,3.9651,0.2081,0.2309,62.5426,5.4362,49.8278,38,1.3887,0.0053,1.1794,1,2025-07-03T16:28:16.712612,chill,2,0,2,4,0
230.0005,0.0931,4.9084,17.0000,3.1457,0.3709,0.1781,80.5385,7.8507,55.8671,45,1.1503,0.0378,1.0263,1,2025-07-03T16:28:16.913400,chill,1,2,3,4,0
91.0001,0.0603,29.8599,79.0000,9.8196,0.1868,0.4017,83.0646,21.3497,53.9201,51,6.5188,0.0035,0.6671,8,2025-07-03T16:28:17.319776,chill,3,0,5,4,2
129.0017,0.0420,36.4843,126.0000,11.9114,0.2415,0.5039,104.4872,25.3490,56.4830,81,8.5299,0.0030,0.5660,20,2025-07-03T16:28:17.931291,chill,3,0,6,6,2
129.0017,0.0787,36.2705,87.0000,11.4654,0.2412,0.5789,112.1232,18.4641,56.0813,68,9.0697,0.0041,0.5614,20,2025-07-03T16:28:18.360335,chill,3,0,6,5,2
129.0017,0.0522,41.5222,108.0000,12.7193,0.2233,0.4516,107.3161,21.3108,57.7380,67,8.9147,0.0031,0.5714,22,2025-07-03T16:28:18.959550,chill,3,0,6,5,2
127.0003,0.1101,50.6302,89.0000,14.7106,0.1923,0.4339,103.9749,23.5965,59.7272,66,8.8320,0.0019,0.4538,24,2025-07-03T16:28:19.696299,chill,3,1,6,5,2
120.0000,0.0670,3.5374,45.0000,3.1432,0.5089,0.2562,73.3538,16.4695,62.5808,28,1.1038,0.0561,1.2019,2,2025-07-03T16:28:19.920139,chill,1,1,4,3,1
77.0001,0.0539,14.2685,89.0000,6.5479,0.4841,0.9110,90.7763,30.8827,51.5728,55,7.4593,0.0108,0.7448,12,2025-07-03T16:28:20.174600,chill,3,1,6,5,2
91.0000,0.0340,16.2513,110.0000,7.3481,0.4930,0.7285,82.3912,25.7365,71.3948,77,7.9555,0.0098,1.0131,13,2025-07-03T16:28:20.536406,chill,3,0,5,6,2
216.0006,0.0598,34.2332,93.0000,10.8477,0.1798,0.1388,107.7858,37.6528,62.3762,56,5.5411,0.0046,0.4629,8,2025-07-03T16:28:20.824225,chill,3,0,6,4,2
177.0235,0.0716,17.0473,0.0000,6.2435,0.3631,0.5353,80.0000,0.0000,63.1331,53,5.7088,0.0173,0.4075,10,2025-07-03T16:28:21.134051,chill,3,1,3,4,2
110.0001,0.1014,17.9375,10.0000,6.5129,0.2167,0.1633,118.3956,3.0894,51.9008,46,2.5611,0.0045,0.9589,7,2025-07-03T16:28:21.406057,chill,3,1,4,4,0
135.0001,0.0511,27.7884,97.0000,9.5933,0.1512,0.3112,106.3002,26.9541,51.0690,67,4.4685,0.0036,0.7886,11,2025-07-03T16:28:21.973463,chill,3,0,6,5,2
100.0000,0.0498,20.1016,115.0000,8.0799,0.5817,0.6545,62.0841,18.5636,58.3031,46,10.4747,0.0082,0.5904,9,2025-07-03T16:28:22.264717,chill,3,0,3,4,0
126.0001,0.0858,5.4546,30.0000,3.3493,0.4320,0.3374,71.5357,10.7802,67.0482,53,1.8071,0.0340,1.4126,2,2025-07-03T16:28:22.460006,chill,2,2,4,5,3
140.0001,0.0797,9.3333,0.0000,3.8942,0.1071,0.0000,80.0000,0.0000,57.3594,45,0.5000,0.0000,1.5933,1,2025-07-03T16:28:22.663436,chill,2,0,3,5,3
68.5775,0.0780,1.8093,21.0000,2.4885,0.8016,0.7191,48.0732,2.9083,67.9122,50,1.6024,0.0875,0.9091,1,2025-07-03T16:28:22.875989,chill,0,1,0,4,0
102.0001,0.0292,24.3080,114.0000,8.8385,0.2719,0.9147,71.5821,32.7217,54.9734,74,7.1799,0.0059,0.8197,11,2025-07-03T16:28:23.269495,chill,3,0,5,6,2
140.0001,0.0882,5.7604,0.0000,3.5177,1.1392,1.1809,100.0000,0.0000,74.2152,52,4.9810,0.0472,1.6392,1,2025-07-03T16:28:23.526505,chill,2,2,4,5,1
126.0001,0.0648,60.6960,104.0000,15.7091,0.1554,0.2663,77.5038,19.8173,54.6572,60,11.2977,0.0023,0.3197,11,2025-07-03T16:28:25.953904,chill,3,0,5,4,0
60.6667,0.0337,13.5611,107.0000,6.7152,0.7810,1.0903,75.3500,18.9426,58.0715,60,10.9124,0.0139,0.5583,12,2025-07-03T16:28:26.282834,chill,3,0,5,4,2
132.0004,0.0954,6.6750,88.0000,4.5707,0.5646,0.5560,89.8976,18.6472,58.7865,69,2.4763,0.0398,1.0363,1,2025-07-03T16:28:26.563668,chill,2,2,5,6,0
134.0001,0.0495,21.2365,126.0000,8.3403,0.2333,0.5167,90.4917,21.0952,59.9521,69,5.8576,0.0073,0.4393,12,2025-07-03T16:28:27.004548,chill,3,0,6,5,2
139.6145,0.0532,13.4390,99.0000,6.3259,0.3114,0.2570,96.6683,20.4920,63.8053,77,3.2302,0.0132,0.8386,1,2025-07-03T16:28:27.432924,chill,3,1,6,6,2
139.6145,0.0532,13.4390,99.0000,6.3259,0.3114,0.2570,96.6683,20.4920,63.8053,77,3.2302,0.0132,0.8386,1,2025-07-03T16:28:27.836574,chill,3,1,6,6,2
104.2106,0.0873,6.2745,51.0000,3.9223,0.6259,0.7406,77.4535,8.8106,60.4376,84,2.4319,0.1444,0.2900,1,2025-07-03T16:28:28.249273,chill,2,2,4,5,2
126.0001,0.0809,16.8000,20.0000,6.1103,0.2381,0.0000,100.4688,2.8116,72.6172,24,2.0000,0.0105,0.8714,1,2025-07-03T16:28:28.540783,chill,3,0,4,2,0
124.0000,0.0501,41.9891,119.0000,12.7218,0.2120,0.2178,94.1993,22.2314,57.4064,48,6.4941,0.0038,0.5322,15,2025-07-03T16:28:29.118494,chill,3,0,6,4,0
123.0000,0.0482,25.0434,114.0000,8.9855,0.2757,0.2711,83.1598,25.5469,54.2759,51,6.0066,0.0056,0.6954,8,2025-07-03T16:28:29.640712,chill,3,0,5,4,2
138.0599,0.2309,1.2223,2.0000,2.5242,0.7110,0.6546,99.9020,0.6932,81.1765,12,0.8529,0.7748,1.2607,1,2025-07-03T16:28:29.875856,chill,0,2,4,2,1
145.0025,0.0477,25.8117,113.0000,8.9324,0.1824,0.2374,66.2777,20.0593,56.0250,70,5.2941,0.0047,0.6735,4,2025-07-03T16:28:30.619848,chill,3,0,3,5,0
120.0000,0.0383,39.0685,114.0000,12.0214,0.2310,0.4610,71.6746,21.1034,56.8799,51,7.6902,0.0029,0.5296,7,2025-07-03T16:28:31.027943,chill,3,0,5,4,2
106.0014,0.0543,23.2070,95.0000,8.5683,0.2161,0.1337,91.4148,23.3336,43.9130,68,4.0278,0.0085,0.1044,16,2025-07-03T16:28:31.451275,chill,3,0,6,3,2
68.0001,0.0873,3.4995,5.0000,2.6390,0.6682,0.5268,64.8523,1.8802,77.6250,46,1.7557,0.0390,1.3874,1,2025-07-03T16:28:31.694356,chill,1,2,1,5,3
91.6676,0.0453,24.8553,112.0000,8.9120,0.1763,0.3556,78.6992,17.1061,61.2156,89,5.0202,0.0058,0.9975,11,2025-07-03T16:28:32.008588,chill,3,0,5,6,0
240.0000,0.1563,7.5114,0.0000,3.8912,0.1478,0.0564,100.0000,0.0000,59.3765,17,0.5769,0.0036,1.0625,1,2025-07-03T16:28:32.268138,chill,2,1,4,1,0
89.2391,0.0496,8.4951,14.0000,3.7485,0.2039,0.1837,60.8390,5.6971,66.0416,55,1.8403,0.0227,0.9892,1,2025-07-03T16:28:32.577271,chill,2,1,1,5,0
132.9999,0.1420,10.5275,0.0000,4.3685,0.1671,0.0683,99.0000,0.0000,54.4056,47,1.1904,0.0067,1.4656,3,2025-07-03T16:28:32.864143,chill,3,1,4,5,3
89.9999,0.0767,3.8886,0.0000,2.8128,1.0909,1.1712,80.0000,0.0000,59.3806,65,3.0585,0.1483,0.7884,8,2025-07-03T16:28:33.148491,chill,1,1,3,5,2
88.1231,0.0381,31.4756,106.0000,10.6710,0.4097,0.9977,101.0895,26.9576,56.3261,82,10.8965,0.0065,0.0883,18,2025-07-03T16:28:33.608486,chill,3,0,6,2,2
154.9999,0.0495,24.0284,119.0000,8.8143,0.1407,0.2973,88.0153,20.5840,51.2277,53,3.7488,0.0049,0.6791,8,2025-07-03T16:28:33.914478,chill,3,0,5,4,2
103.9000,0.0361,36.4688,101.0000,11.5024,0.2153,0.4282,82.5474,20.4380,56.4078,85,8.6201,0.0061,0.4983,18,2025-07-03T16:28:34.405449,chill,3,0,5,6,2
165.0002,0.0574,8.1463,0.0000,3.6763,0.4135,0.3998,64.0000,0.0000,59.7674,41,2.6295,0.0191,1.2071,6,2025-07-03T16:28:34.675501,chill,2,1,1,4,3
74.0001,0.0667,12.2628,64.0000,5.6948,0.4677,0.9292,85.8243,13.4499,56.6656,53,5.9405,0.0248,0.7622,6,2025-07-03T16:28:35.034798,chill,3,1,5,4,2
68.5001,0.0619,13.9463,77.0000,6.3681,0.5107,0.4644,96.3512,16.3365,54.5831,67,6.1109,0.0150,0.7598,8,2025-07-03T16:28:35.389828,chill,3,1,6,5,2
89.8422,0.0623,16.3686,66.0000,6.9989,0.4508,0.4238,106.1405,10.3777,51.6195,67,6.3926,0.0094,1.0544,6,2025-07-03T16:28:35.710653,chill,3,0,5,6,0
132.7077,0.0809,7.9017,103.0000,5.0048,0.3398,0.5205,64.6530,15.7302,62.3833,65,2.0564,0.0738,0.1272,5,2025-07-03T16:28:36.306494,chill,2,2,3,3,0
138.2089,0.0902,10.0893,103.0000,5.2658,0.2719,0.3983,68.8192,19.9473,62.5671,72,2.0358,0.0445,0.0483,5,2025-07-03T16:28:36.993464,chill,3,2,3,2,0
124.0005,0.0940,9.6590,53.0000,4.4853,0.4815,0.1005,65.2297,16.2640,59.1261,24,2.5495,0.0439,0.8867,2,2025-07-03T16:28:37.291755,chill,2,2,3,2,0
120.0000,0.0985,35.0741,57.0000,11.0475,0.1087,0.0968,110.5083,14.7472,58.8064,48,4.2909,0.0043,0.5431,5,2025-07-03T16:28:37.563081,chill,3,0,5,4,0
55.0000,0.0616,12.0924,95.0000,5.9201,0.4979,0.9541,50.9119,16.1127,52.9885,71,7.3727,0.0244,0.1213,10,2025-07-03T16:28:37.915837,chill,3,1,3,3,0
114.0013,0.0443,37.9676,99.0000,11.4879,0.2322,0.4802,100.7373,20.9991,58.4366,65,8.6977,0.0031,0.6580,10,2025-07-03T16:28:38.407141,chill,3,0,6,5,2
140.1768,0.0539,14.3997,90.0000,6.3660,0.3761,0.3106,79.3875,12.5140,52.6192,49,4.3138,0.0119,1.0017,4,2025-07-03T16:28:38.842206,chill,3,1,5,4,0
200.0000,0.0791,17.7451,47.0000,6.8815,0.2507,0.2779,105.5436,11.4705,48.6096,40,3.4653,0.0149,0.0384,5,2025-07-03T16:28:39.148163,chill,3,1,4,1,0
118.9999,0.0395,10.8096,108.0000,6.0797,0.7574,0.7471,83.3900,10.4799,53.7966,67,7.6671,0.0143,1.2037,12,2025-07-03T16:28:39.644186,chill,3,0,5,6,1
120.0000,0.1406,2.4056,10.0000,2.5119,0.3690,0.2610,107.1362,4.5207,52.7840,23,0.6362,0.0974,1.4410,1,2025-07-03T16:28:39.921753,chill,1,2,4,3,1
163.1430,0.0486,33.1220,126.0000,10.6303,0.1283,0.2490,84.1758,26.2259,48.2817,48,4.6927,0.0037,0.7281,10,2025-07-03T16:28:40.343320,chill,3,0,5,4,0
170.0003,0.0742,14.9421,67.0000,6.4484,0.2536,0.4250,114.0366,6.4456,50.3862,67,3.8785,0.0121,1.1560,8,2025-07-03T16:28:40.744662,chill,3,1,5,6,0
117.6319,0.0851,9.0630,86.0000,5.1607,0.3856,0.2942,88.3107,16.7613,58.9811,69,2.2584,0.0201,1.0454,2,2025-07-03T16:28:41.014281,chill,2,2,5,6,0
160.0000,0.0758,26.0583,31.0000,8.8023,0.3321,0.2223,100.9393,9.8890,49.0529,46,6.2323,0.0059,0.5570,4,2025-07-03T16:28:41.362144,chill,3,0,4,4,0
192.0000,0.0784,11.7670,91.0000,5.7612,0.2125,0.2380,107.9163,6.5247,47.4267,52,1.7695,0.0112,1.0275,13,2025-07-03T16:28:41.812036,chill,3,1,6,5,0
165.0002,0.0761,14.2273,89.0000,6.2512,0.1278,0.1749,96.8604,10.8670,64.3790,69,1.7228,0.0051,0.9516,1,2025-07-03T16:28:42.143408,chill,3,0,6,6,0
73.0481,0.0557,11.2213,113.0000,6.1143,0.4195,1.2723,94.6492,20.7385,54.2737,57,6.2475,0.0198,0.6030,15,2025-07-03T16:28:42.585483,chill,3,1,6,4,2
103.3334,0.0379,18.0070,126.0000,7.8558,0.4610,0.7327,93.3465,19.1409,57.3241,84,8.5636,0.0152,0.3979,13,2025-07-03T16:28:42.943587,chill,3,0,6,4,0
60.0000,0.0898,13.9930,0.0000,6.0180,0.6750,0.8957,127.0000,0.0000,60.3244,91,9.2513,0.0283,0.0213,9,2025-07-03T16:28:43.368259,chill,3,2,4,2,2
170.0001,0.0744,25.4224,16.0000,8.3671,0.1488,0.1248,126.9939,0.3125,49.5649,52,3.6775,0.0050,0.9310,4,2025-07-03T16:28:43.658519,chill,3,0,4,5,0
120.0000,0.0606,32.1441,76.0000,10.0004,0.1195,0.1522,100.8101,22.5818,55.1084,62,4.5391,0.0040,0.6361,8,2025-07-03T16:28:44.105891,chill,3,0,6,5,2
130.0024,0.0660,12.3278,109.0000,5.8660,0.1289,0.1235,84.5715,14.7992,59.2334,64,2.0758,0.0100,1.1569,1,2025-07-03T16:28:44.486756,chill,3,1,5,6,0
131.0015,0.0455,22.3705,93.0000,8.0537,0.0870,0.1427,73.8613,25.4319,54.9297,54,3.2397,0.0060,0.5968,6,2025-07-03T16:28:44.821568,chill,3,0,5,4,2
80.0000,0.0726,2.7778,25.0000,2.5732,0.7125,0.3149,56.2200,5.7777,63.4600,29,1.1200,0.0999,1.3499,1,2025-07-03T16:28:45.054465,chill,1,1,1,3,1
150.0000,0.1346,5.0000,0.0000,3.2892,1.0141,0.8212,100.0000,0.0000,61.0938,29,3.2656,0.1263,1.3766,1,2025-07-03T16:28:45.297755,chill,1,2,4,3,1
102.0018,0.0352,22.5645,126.0000,8.9175,0.3303,0.6210,92.5027,28.9040,56.5765,68,8.7950,0.0083,0.8600,9,2025-07-03T16:28:45.784142,chill,3,0,6,6,2
74.0000,0.0399,15.7143,102.0000,7.2138,0.3986,0.7157,93.2227,27.4526,52.5964,56,7.2673,0.0152,0.7051,8,2025-07-03T16:28:46.154305,chill,3,0,6,4,2
100.0000,0.0756,5.4280,98.0000,3.9318,0.4531,0.3543,69.4269,15.6250,56.8812,72,2.5824,0.0440,1.0558,1,2025-07-03T16:28:46.458289,chill,2,1,3,6,0
81.0001,0.0347,11.1255,116.0000,6.1656,0.6988,0.6583,74.4511,21.4547,57.3540,62,7.4712,0.0240,0.8787,8,2025-07-03T16:28:46.771746,chill,3,1,5,5,2
137.0001,0.1658,5.6814,0.0000,3.3151,0.1580,0.1098,100.0000,0.0000,52.8354,22,0.8165,0.0105,1.4213,2,2025-07-03T16:28:46.999290,chill,2,1,4,3,3
166.0183,0.0615,20.3954,82.0000,8.0505,0.4166,0.6134,95.4804,17.3447,57.7548,50,9.2680,0.0078,0.6467,9,2025-07-03T16:28:47.499076,chill,3,0,6,4,0
80.6258,0.1035,8.6903,20.0000,4.1154,0.3254,0.4220,92.8044,4.1851,67.2266,48,1.9069,0.0460,0.1260,3,2025-07-03T16:28:47.910880,chill,2,2,4,2,0
120.0000,0.0965,8.2159,0.0000,4.1974,0.3095,0.3840,127.0000,0.0000,63.1919,48,1.6133,0.0483,0.0450,12,2025-07-03T16:28:48.249433,chill,2,2,4,2,0
83.6000,0.0432,27.5118,126.0000,9.7243,0.2377,0.3398,81.9841,24.4200,55.6792,63,6.4928,0.0036,0.3386,13,2025-07-03T16:28:48.893186,chill,3,0,5,4,0
66.6668,0.0532,8.9085,112.0000,5.3573,0.6029,0.8373,89.1151,28.0306,56.9937,56,3.9542,0.0233,1.2865,1,2025-07-03T16:28:49.188242,chill,2,1,5,6,1
51.7143,0.0797,5.8057,75.0000,4.3246,1.0140,0.9265,102.1031,21.6158,60.5417,58,6.2144,0.0432,0.9305,9,2025-07-03T16:28:49.505684,chill,2,2,6,5,0
140.0001,0.1941,4.9885,0.0000,3.1813,0.2281,0.0757,100.0000,0.0000,53.8710,38,0.9516,0.0335,1.7015,1,2025-07-03T16:28:49.766012,chill,1,2,4,4,1
140.0001,0.1753,2.8857,0.0000,2.7141,0.9040,0.7969,100.0000,0.0000,64.6875,48,1.2500,0.4000,0.9556,2,2025-07-03T16:28:50.024589,chill,1,2,4,4,0
120.0000,0.1051,8.6954,0.0000,4.3589,0.5691,0.9481,115.0000,0.0000,53.8129,33,3.9604,0.0107,1.3240,2,2025-07-03T16:28:50.277719,chill,2,1,4,4,3
140.0001,0.2408,4.8854,0.0000,3.1767,0.3422,0.4699,100.0000,0.0000,63.0448,34,1.0075,0.1311,1.1628,1,2025-07-03T16:28:50.526623,chill,1,2,4,3,0
85.0003,0.0668,5.9971,113.0000,4.3252,0.3445,0.3188,67.3306,20.2766,62.6294,76,2.4879,0.0639,1.2490,1,2025-07-03T16:28:50.802679,chill,2,1,3,6,1
137.7518,0.0378,28.5842,100.0000,9.7088,0.2770,0.6147,88.9368,23.5769,55.9342,58,8.0846,0.0055,0.7800,13,2025-07-03T16:28:51.218624,chill,3,0,5,5,2
72.0000,0.0960,5.4885,41.0000,3.7069,0.5858,0.4671,102.4229,14.9170,60.3432,55,2.1353,0.0341,1.1199,6,2025-07-03T16:28:51.481703,chill,2,2,4,5,0
132.0001,0.1148,56.2677,0.0000,14.6460,0.1338,0.0974,127.0000,0.0000,62.2788,64,7.2994,0.0035,0.4398,9,2025-07-03T16:28:51.956364,chill,3,1,4,4,2
110.0001,0.1097,9.9774,30.0000,4.5084,0.4658,0.3961,81.4744,6.4853,63.6104,62,3.5329,0.0353,0.4193,3,2025-07-03T16:28:52.269861,chill,2,2,3,4,0
96.0000,0.0775,4.1790,76.0000,3.8083,1.1978,0.8523,86.8085,15.9242,64.5372,51,4.1543,0.0672,1.4455,1,2025-07-03T16:28:52.518527,chill,1,1,5,5,3
210.0032,0.0836,17.8254,95.0000,7.3882,0.3713,0.3996,98.7429,33.8726,65.5612,84,5.4869,0.0156,0.2733,10,2025-07-03T16:28:52.911904,chill,3,2,6,4,2
165.0002,0.0645,6.3679,16.0000,3.4531,0.4945,0.5242,64.0136,0.4668,64.3952,57,2.3433,0.0301,0.5405,2,2025-07-03T16:28:53.231930,chill,2,1,1,4,0
140.0001,0.0736,3.1354,0.0000,2.5137,0.2098,0.0000,61.0000,0.0000,71.2558,10,0.5000,0.0222,1.4098,1,2025-07-03T16:28:53.502188,chill,1,1,1,1,3
120.0000,0.0804,3.3333,36.0000,3.3125,0.6906,0.5833,95.2000,12.2376,62.1250,43,1.9375,0.1771,1.1796,3,2025-07-03T16:28:53.765170,chill,1,2,4,4,0
132.4578,0.0624,7.8437,26.0000,3.8569,0.4327,0.4641,58.5753,6.9726,57.3087,55,3.3209,0.0188,0.8209,1,2025-07-03T16:28:54.051412,chill,2,1,1,5,0
118.1403,0.0549,10.5382,27.0000,4.3121,0.2390,0.2065,61.1213,6.8263,60.6716,60,1.7929,0.0095,1.1496,1,2025-07-03T16:28:54.320807,chill,3,0,1,5,0
120.0000,0.0786,6.4548,104.0000,4.4900,0.3328,0.3115,70.7091,14.7119,59.8413,60,2.3612,0.0415,1.3226,1,2025-07-03T16:28:54.588642,chill,2,1,5,6,1
85.0003,0.0778,12.1707,77.0000,5.7514,0.4944,0.3864,54.5846,17.6669,54.0383,41,6.3173,0.0256,0.9482,10,2025-07-03T16:28:54.871529,chill,3,1,3,4,0
104.0000,0.0336,26.5042,126.0000,9.5945,0.2919,0.3224,79.8716,32.9270,54.6828,45,8.2902,0.0067,0.6081,5,2025-07-03T16:28:55.471683,chill,3,0,5,4,2
173.0004,0.0384,24.3133,126.0000,8.9495,0.2737,0.3199,74.8082,39.4880,55.5371,56,6.3878,0.0077,0.8318,9,2025-07-03T16:28:55.876233,chill,3,0,5,5,2
120.9002,0.0536,24.8020,90.0000,8.8075,0.1869,0.5295,106.2346,29.4016,51.2110,69,5.8424,0.0047,0.7026,6,2025-07-03T16:28:56.309685,chill,3,0,6,5,2
98.3085,0.0738,30.9250,66.0000,10.0303,0.2447,0.2804,105.4125,14.4291,57.7037,53,5.4373,0.0038,0.6474,8,2025-07-03T16:28:56.823951,chill,3,0,5,4,2
60.0000,0.0611,11.4555,108.0000,6.1059,0.7163,0.6641,90.4360,23.0847,58.4661,55,6.1725,0.0242,0.1143,8,2025-07-03T16:28:57.143286,chill,3,1,6,3,2
165.3280,0.1034,9.6107,121.0000,5.4149,0.2068,0.3404,81.6746,20.8769,65.0283,75,2.2366,0.0382,0.0972,4,2025-07-03T16:28:57.732149,chill,2,2,5,3,2
80.5000,0.0361,19.2112,101.0000,7.7305,0.5311,0.6812,78.3339,14.9735,54.4523,64,10.1343,0.0152,0.5135,12,2025-07-03T16:28:58.105975,chill,3,0,5,4,2
72.3333,0.0318,20.6805,126.0000,8.3925,0.5472,1.2030,74.3692,23.3501,47.4453,67,12.1071,0.0082,0.0496,13,2025-07-03T16:29:00.438126,chill,3,0,5,2,2
71.2383,0.0524,42.2830,126.0000,12.9041,0.3665,0.9005,60.0926,37.8418,48.7711,63,17.3141,0.0033,0.3466,12,2025-07-03T16:29:01.014957,chill,3,0,3,4,0
120.0000,0.0646,5.9362,106.0000,4.1890,0.3240,0.3483,43.0349,20.1959,63.9928,57,2.3244,0.0314,0.6029,1,2025-07-03T16:29:01.301021,chill,2,1,2,4,0
120.0000,0.1931,1.9883,66.0000,3.4808,0.4883,0.4566,101.7638,15.3991,66.0472,19,0.5591,0.2917,1.2522,1,2025-07-03T16:29:01.571433,chill,0,2,5,2,1
107.9999,0.0686,20.3435,72.0000,7.6633,0.3230,0.5671,75.2954,22.7999,53.6908,66,7.6618,0.0120,0.6116,5,2025-07-03T16:29:01.930945,chill,3,1,5,5,0
140.0001,0.1450,12.1002,0.0000,4.7512,0.1763,0.3067,99.0000,0.0000,57.0723,38,1.6566,0.0040,1.4177,3,2025-07-03T16:29:02.207278,chill,3,1,4,4,3
131.0015,0.0306,22.9848,107.0000,8.7377,0.4031,0.4669,78.1323,16.8826,56.3034,60,8.9074,0.0090,0.7703,12,2025-07-03T16:29:02.634135,chill,3,0,5,5,2
135.0001,0.0892,8.6456,10.0000,3.8388,0.3945,0.2449,44.1870,3.3138,73.1382,55,3.2642,0.0334,1.1011,1,2025-07-03T16:29:02.914122,chill,2,2,0,5,0
69.0000,0.0552,24.6901,98.0000,8.7890,0.3648,0.5485,59.7598,23.1833,49.5102,57,7.6106,0.0051,0.7553,15,2025-07-03T16:29:03.376304,chill,3,0,3,5,2
135.0001,0.0642,13.5495,77.0000,6.3937,0.6036,0.7179,92.2873,11.3392,54.7848,55,7.0038,0.0252,0.6407,3,2025-07-03T16:29:03.710513,chill,3,1,6,4,0
61.9005,0.0355,33.6276,101.0000,10.9047,0.2717,0.4920,84.8135,19.0211,58.9134,62,9.7391,0.0061,0.1622,12,2025-07-03T16:29:04.215688,chill,3,0,5,3,2
80.7700,0.0372,16.3007,104.0000,7.4525,0.4822,0.4282,83.9656,23.7363,58.1912,63,10.7761,0.0145,0.7165,8,2025-07-03T16:29:04.524445,chill,3,0,5,5,2
138.0008,0.1130,58.8857,117.0000,15.8171,0.0697,0.0727,71.5165,26.9618,50.6021,55,5.4285,0.0015,0.4370,16,2025-07-03T16:29:05.106686,chill,3,1,5,4,2
134.2300,0.0544,15.4080,126.0000,7.1134,0.4077,1.0133,91.4648,22.6146,44.1345,72,5.1395,0.0101,0.5907,9,2025-07-03T16:29:05.536853,chill,3,1,6,5,2
120.0000,0.0559,15.1274,92.0000,6.7572,0.3948,1.8005,108.5220,18.2616,55.3090,60,6.6586,0.0144,0.7314,9,2025-07-03T16:29:05.995384,chill,3,1,6,5,0
144.0002,0.2210,2.2766,0.0000,2.3725,0.2353,0.1526,64.0000,0.0000,80.5452,32,0.5030,0.8147,0.4253,1,2025-07-03T16:29:06.264462,chill,1,2,1,3,0
70.0001,0.1077,5.9155,63.0000,4.2542,0.5683,0.7497,107.0187,19.5379,60.3247,55,2.4261,0.0493,0.1540,1,2025-07-03T16:29:06.572116,chill,2,2,5,3,0
165.0002,0.0502,18.6627,114.0000,7.5004,0.2751,0.4932,93.5173,29.0696,47.3056,46,5.0773,0.0097,0.6892,6,2025-07-03T16:29:07.027586,chill,3,0,6,4,2
116.0001,0.0507,25.0940,126.0000,9.1320,0.1915,0.3180,85.6421,30.5229,51.9712,85,5.9715,0.0080,0.6235,14,2025-07-03T16:29:07.455436,chill,3,0,5,6,2
93.0002,0.0361,23.0113,99.0000,8.7183,0.3342,0.3947,86.2516,26.2837,58.3528,49,9.3674,0.0091,0.5257,9,2025-07-03T16:29:07.954192,chill,3,0,5,4,0
148.0001,0.1460,5.0130,0.0000,3.2010,0.1503,0.0507,100.0000,0.0000,70.4688,8,0.5000,0.0000,1.0086,1,2025-07-03T16:29:08.478253,chill,2,1,4,1,0
125.0000,0.1265,4.6875,0.0000,3.3515,0.2133,0.1099,127.0000,0.0000,70.2222,12,0.5000,0.0124,1.5717,1,2025-07-03T16:29:08.974950,chill,1,1,4,2,1
120.0000,0.0640,12.7915,80.0000,6.0099,0.5152,0.6356,94.0586,17.4317,50.9058,46,6.2445,0.0266,0.5045,9,2025-07-03T16:29:09.490016,chill,3,1,6,4,0
135.0014,0.0509,18.3079,110.0000,7.4374,0.2306,0.2456,79.6711,24.3583,58.7891,64,5.3974,0.0079,0.7047,6,2025-07-03T16:29:09.993246,chill,3,0,5,5,2
101.0016,0.0400,37.3722,107.0000,11.5471,0.1526,0.4078,86.0230,20.4866,56.0846,77,7.0464,0.0028,0.8416,11,2025-07-03T16:29:10.729174,chill,3,0,5,6,2
100.0000,0.0787,2.5571,60.0000,3.4204,0.3252,0.3023,92.8552,16.7728,73.3756,24,0.5905,0.0880,1.4516,1,2025-07-03T16:29:11.035143,chill,1,1,5,3,1
53.3820,0.0805,2.9063,52.0000,3.0227,1.0865,1.2988,47.0995,7.0549,65.2279,58,3.2657,0.2112,0.2034,1,2025-07-03T16:29:11.336333,chill,1,2,2,3,0
53.3820,0.0805,2.9063,52.0000,3.0227,1.0865,1.2988,47.0995,7.0549,65.2279,58,3.2657,0.2112,0.2034,1,2025-07-03T16:29:11.638633,chill,1,2,2,3,0
140.0001,0.0424,20.2013,119.0000,8.2220,0.4614,0.9009,87.5135,40.0559,51.3918,51,9.2881,0.0249,0.1046,12,2025-07-03T16:29:11.968821,chill,3,1,5,2,2
137.9999,0.0631,33.5585,0.0000,10.3298,0.2347,0.1110,64.0000,0.0000,55.6804,50,5.2940,0.0031,0.7758,5,2025-07-03T16:29:12.266889,chill,3,0,1,4,0
100.0000,0.0562,37.1137,97.0000,11.4353,0.1546,0.5768,92.1889,23.5529,58.8685,86,5.0196,0.0034,0.4835,11,2025-07-03T16:29:12.992365,chill,3,0,6,6,2
130.0001,0.0692,9.7969,48.0000,4.4545,0.2307,0.2986,92.2525,9.4166,48.3424,49,1.7201,0.0212,1.2330,3,2025-07-03T16:29:13.379418,chill,2,1,4,5,1
119.9827,0.0658,9.4536,87.0000,5.1782,0.4940,0.6585,66.2002,14.7503,53.9785,55,4.4236,0.0168,0.7848,6,2025-07-03T16:29:13.708303,chill,2,1,3,5,2
83.1587,0.0862,6.3132,88.0000,4.4014,0.6809,0.7656,57.4112,12.8768,66.2810,70,4.3291,0.0744,0.6214,1,2025-07-03T16:29:14.013685,chill,2,2,3,5,0
92.0014,0.0428,23.9927,126.0000,8.9489,0.3378,0.6101,108.7615,22.1048,55.3379,65,7.9460,0.0185,0.0241,7,2025-07-03T16:29:14.492275,chill,3,1,6,2,2
115.0000,0.1099,4.9414,62.0000,4.0537,0.3930,0.6471,120.5939,14.3607,44.0727,59,1.7727,0.0295,1.7343,4,2025-07-03T16:29:14.754769,chill,1,2,5,6,3
130.0001,0.1170,12.0328,0.0000,4.6831,0.1146,0.0498,100.0000,0.0000,48.9180,41,1.3682,0.0113,1.2492,3,2025-07-03T16:29:15.025769,chill,3,1,4,4,3
140.0001,0.0606,21.9623,69.0000,8.0867,0.3410,0.3486,108.5567,12.9788,54.4934,103,7.5565,0.0092,0.4029,18,2025-07-03T16:29:15.323377,chill,3,0,5,6,0
170.0001,0.0398,32.3524,97.0000,10.7287,0.2908,0.8731,108.4401,9.8356,54.5680,67,10.1237,0.0060,0.0618,12,2025-07-03T16:29:15.768295,chill,3,0,6,2,2
109.9999,0.0977,9.9777,19.0000,4.8809,0.4742,0.5447,122.2377,4.6236,57.6066,67,8.7131,0.0028,1.6496,7,2025-07-03T16:29:16.014824,chill,2,0,4,7,3
165.0002,0.0542,20.2370,61.0000,7.2288,0.1386,0.1315,74.9242,9.1455,58.1353,49,3.2955,0.0063,0.8883,6,2025-07-03T16:29:16.299415,chill,3,0,5,4,0
118.3098,0.0557,3.3500,26.0000,2.8133,0.6022,0.3841,75.6832,6.1335,72.5093,31,1.8043,0.0701,1.3432,1,2025-07-03T16:29:16.556533,chill,1,1,3,3,1
170.0006,0.0595,17.9275,95.0000,7.3499,0.4328,0.6560,62.8034,16.6682,59.2979,65,7.9792,0.0112,0.8560,10,2025-07-03T16:29:16.849855,chill,3,1,3,5,2
71.9530,0.1245,6.0303,63.0000,4.1429,0.3942,0.9879,55.9447,11.0420,59.5517,67,1.6091,0.0441,0.0636,2,2025-07-03T16:29:17.138210,chill,2,2,3,2,0
121.6425,0.1045,9.8502,77.0000,5.1008,0.2820,0.3416,77.4422,14.8253,54.3559,53,2.0593,0.0143,0.7385,1,2025-07-03T16:29:17.426468,chill,2,1,5,4,0
92.9800,0.0524,7.3919,31.0000,3.7383,0.4350,0.7564,61.4125,7.3651,64.8993,66,2.3875,0.0228,1.1773,2,2025-07-03T16:29:17.791590,chill,2,1,2,6,0
120.0000,0.1436,2.9277,0.0000,2.7276,0.3957,0.3316,110.0000,0.0000,48.9438,46,0.8371,0.0689,1.4494,2,2025-07-03T16:29:18.075471,chill,1,2,4,5,3
118.7376,0.0562,9.2376,27.0000,3.9474,0.2243,0.1974,66.5645,7.3132,56.7073,36,2.0122,0.0113,1.3353,1,2025-07-03T16:29:18.368206,chill,2,1,1,4,1
80.0000,0.0842,8.0381,103.0000,5.2614,0.6052,1.0078,106.6739,15.0654,50.3275,58,4.5584,0.0364,0.9157,28,2025-07-03T16:29:18.722349,chill,2,2,6,5,0
120.0000,0.2618,4.8242,0.0000,3.3780,0.1598,0.0560,127.0000,0.0000,67.8777,43,1.1502,2.2830,0.0696,1,2025-07-03T16:29:18.994322,chill,1,2,4,2,0
96.0000,0.0987,13.2014,31.0000,5.3277,0.3338,0.1497,110.6721,15.4779,73.8233,50,2.3472,0.0176,0.5963,3,2025-07-03T16:29:19.283590,chill,3,2,4,4,0
95.0013,0.1064,9.7399,66.0000,4.9837,0.1329,0.0987,96.2390,29.7462,65.3563,68,1.0163,0.0058,0.6981,3,2025-07-03T16:29:19.574188,chill,2,1,5,5,2
140.0001,0.0755,11.2769,14.0000,4.5487,0.1169,0.0510,88.4577,5.3261,61.6301,41,1.0690,0.0049,1.0582,4,2025-07-03T16:29:19.860415,chill,3,0,3,4,0
120.0000,0.1115,1.9524,0.0000,2.4054,0.4639,0.3889,80.0000,0.0000,70.2561,15,0.5000,0.1652,0.8801,1,2025-07-03T16:29:20.103456,chill,0,2,3,2,0
135.0001,0.0558,9.5314,0.0000,3.9606,0.2690,0.1957,64.0000,0.0000,61.4230,57,1.6902,0.0164,1.1267,1,2025-07-03T16:29:20.583108,chill,2,1,1,5,0
96.0000,0.0380,22.1385,92.0000,8.3520,0.4619,0.7471,82.9181,16.5669,52.9457,75,10.0872,0.0072,0.6761,10,2025-07-03T16:29:20.984851,chill,3,0,5,6,2
84.5418,0.0933,5.1410,68.0000,3.8559,0.4706,0.4494,79.8007,9.8189,60.2199,38,1.7648,0.0545,0.7663,1,2025-07-03T16:29:21.256190,chill,2,2,5,3,0
123.0612,0.0515,24.4589,116.0000,8.7839,0.1602,0.1867,80.8000,21.8134,66.7775,64,3.8486,0.0111,0.4098,7,2025-07-03T16:29:21.860681,chill,3,0,5,4,2
64.6473,0.0332,29.6064,106.0000,9.9356,0.2506,0.2979,79.5193,21.9543,69.3934,63,6.9663,0.0040,0.3164,10,2025-07-03T16:29:22.278945,chill,3,0,5,4,2
64.6473,0.0332,29.6064,106.0000,9.9356,0.2506,0.2979,79.5193,21.9543,69.3934,63,6.9663,0.0040,0.3164,10,2025-07-03T16:29:22.706432,chill,3,0,5,4,2
180.0002,0.0691,7.2395,0.0000,3.6812,0.4348,0.2665,64.0000,0.0000,60.5267,52,2.2165,0.0272,1.5429,2,2025-07-03T16:29:22.952610,chill,2,1,1,5,3
95.3031,0.1015,5.0325,0.0000,3.3323,0.5551,0.4170,110.0000,0.0000,64.5032,45,2.1645,0.0468,1.2328,2,2025-07-03T16:29:23.201535,chill,2,2,4,4,3
118.5284,0.0544,4.2665,28.0000,3.0331,0.5624,0.1720,67.3537,5.1397,70.2087,44,1.3702,0.0655,0.8271,1,2025-07-03T16:29:23.469878,chill,1,1,1,4,0
189.1000,0.0526,38.5723,116.0000,11.8548,0.1244,0.1232,86.1311,23.8875,53.3732,43,4.6660,0.0031,0.4273,6,2025-07-03T16:29:23.912258,chill,3,0,5,3,0
165.9999,0.0376,29.0674,105.0000,9.9628,0.2722,0.4080,91.0175,23.3783,58.0936,74,7.8692,0.0033,0.8953,11,2025-07-03T16:29:24.380620,chill,3,0,6,6,2
88.0000,0.1265,2.5977,88.0000,3.8118,0.8898,0.8227,115.7557,23.0923,68.8382,58,1.9376,0.1666,1.1823,1,2025-07-03T16:29:24.669508,chill,1,2,6,5,0
151.0001,0.0901,14.8618,0.0000,5.8170,0.3174,0.4091,127.0000,0.0000,44.2472,67,3.3634,0.0277,0.0448,8,2025-07-03T16:29:25.005023,chill,3,2,4,2,2
90.3700,0.1195,15.3271,27.0000,6.1367,0.4657,0.4635,114.9214,13.4250,46.7192,47,5.8006,0.0067,0.6926,4,2025-07-03T16:29:25.445419,chill,3,1,4,4,0
91.1673,0.0337,14.7746,106.0000,6.9954,0.8844,1.2024,67.7632,20.7997,58.7225,69,13.9213,0.0142,0.4735,17,2025-07-03T16:29:25.936175,chill,3,0,3,5,2
150.0000,0.0664,18.5119,0.0000,6.6624,0.2720,0.3412,127.0000,0.0000,49.2016,55,3.8804,0.0076,0.7972,6,2025-07-03T16:29:26.390009,chill,3,0,4,5,2
115.0020,0.0609,18.9393,65.0000,7.3219,0.3111,0.4546,109.0027,18.1981,48.6396,58,5.8378,0.0055,1.0433,9,2025-07-03T16:29:26.979150,chill,3,0,5,5,0
129.0106,0.0382,20.8993,107.0000,8.4415,0.4394,0.8582,94.7669,25.1102,59.2113,102,9.8798,0.0154,0.0830,22,2025-07-03T16:29:27.490404,chill,3,0,6,4,2
159.0002,0.0421,25.8423,121.0000,9.0751,0.1934,0.1598,75.5775,28.2381,65.9959,52,5.1463,0.0081,0.5689,2,2025-07-03T16:29:27.863122,chill,3,0,5,4,0
79.0000,0.0428,10.9636,124.0000,6.2003,0.6135,0.7153,82.5576,34.5609,59.0124,53,7.5729,0.0251,0.9084,8,2025-07-03T16:29:28.304172,chill,3,1,5,4,2
90.0000,0.0292,14.8465,126.0000,7.0268,0.6146,0.8553,72.0690,27.8353,56.1214,74,9.6857,0.0087,0.9176,9,2025-07-03T16:29:28.705544,chill,3,0,5,6,2
135.5359,0.0552,16.9539,103.0000,6.8913,0.1692,0.2197,66.3978,13.0152,67.8262,74,2.6240,0.0078,0.0955,2,2025-07-03T16:29:29.032348,chill,3,0,3,3,0
117.9999,0.0768,17.4759,47.0000,7.0769,0.4173,0.6461,123.1832,10.0182,48.3774,57,6.3421,0.0134,0.4199,15,2025-07-03T16:29:29.507491,chill,3,1,4,4,0
120.0000,0.0608,8.5921,0.0000,3.6926,0.4706,0.2465,64.0000,0.0000,62.2404,55,2.6501,0.0232,1.3359,1,2025-07-03T16:29:29.766007,chill,2,1,1,5,1
144.0002,0.0949,9.0333,0.0000,3.7849,0.3346,0.2539,64.0000,0.0000,68.5879,47,2.0043,0.0337,0.3705,1,2025-07-03T16:29:30.059207,chill,2,2,1,3,0
73.0000,0.0661,3.1863,59.0000,3.4029,0.8774,0.7786,80.9068,12.9570,69.3773,55,2.0023,0.1161,1.1445,2,2025-07-03T16:29:30.327024,chill,1,1,4,5,0
75.7500,0.0607,3.2564,0.0000,2.7181,0.8358,0.7537,80.0000,0.0000,69.5059,55,1.8924,0.1078,1.1528,2,2025-07-03T16:29:30.567278,chill,1,1,3,5,0
170.0001,0.0806,5.8380,8.0000,3.1963,0.2480,0.1262,71.4521,2.0207,53.1174,29,0.8659,0.0178,1.2757,1,2025-07-03T16:29:30.822501,chill,2,2,3,3,1
98.6289,0.0779,6.6550,17.0000,3.5172,0.1435,0.0090,73.7500,4.5552,68.6875,46,0.6562,0.0000,1.3324,1,2025-07-03T16:29:31.088606,chill,2,0,3,5,1
96.0000,0.0704,6.2036,57.0000,4.0973,0.5839,0.4889,83.0434,10.5090,65.4549,60,2.5668,0.0566,1.1834,1,2025-07-03T16:29:31.371848,chill,2,1,4,5,0
138.2444,0.0511,7.0807,36.0000,3.9607,0.2977,0.2224,83.7123,8.7822,56.7808,28,2.0890,0.0174,0.9371,1,2025-07-03T16:29:31.625089,chill,2,1,3,3,0
96.0000,0.1118,4.6859,46.0000,3.6595,0.6733,0.5992,103.3241,16.2026,65.1730,48,2.1382,0.1045,1.0993,2,2025-07-03T16:29:31.913271,chill,1,2,4,4,0
77.1999,0.0773,4.6117,63.0000,3.8015,1.0511,0.9714,78.9347,20.6967,52.8421,35,3.5116,0.0999,0.8662,6,2025-07-03T16:29:32.207668,chill,1,1,5,3,2
77.1603,0.0666,4.1381,90.0000,3.7525,0.6933,0.7169,58.1822,11.7227,64.1831,55,2.3875,0.0930,0.3040,1,2025-07-03T16:29:34.369323,chill,1,1,3,3,0
150.0000,0.1241,4.8438,0.0000,3.1921,0.2129,0.0793,100.0000,0.0000,63.1613,21,1.2258,0.0702,1.7661,1,2025-07-03T16:29:34.660927,chill,1,2,4,3,3
128.0000,0.0971,3.7285,0.0000,2.8406,0.5357,0.5633,100.0000,0.0000,56.0357,33,1.3571,0.0313,1.6807,1,2025-07-03T16:29:34.945754,chill,1,2,4,3,3
71.0000,0.0394,21.0980,92.0000,8.3144,0.3388,0.5622,104.2263,20.0056,55.7035,65,8.4894,0.0107,0.4798,12,2025-07-03T16:29:35.317998,chill,3,0,6,4,2
120.0000,0.0844,16.2177,27.0000,6.1312,0.3150,0.5209,100.0340,0.9572,47.5176,51,4.1483,0.0200,0.1355,9,2025-07-03T16:29:35.722527,chill,3,2,4,3,0
158.0028,0.0309,32.7780,102.0000,10.5414,0.2160,0.5579,72.9238,20.5265,48.5490,64,8.0131,0.0025,0.8825,12,2025-07-03T16:29:36.139281,chill,3,0,5,5,2
84.0000,0.0436,34.9485,95.0000,11.1922,0.2990,0.4825,85.0055,23.9032,60.4625,64,11.3198,0.0040,0.6238,9,2025-07-03T16:29:36.497198,chill,3,0,5,5,2
127.9683,0.0633,11.8432,72.0000,5.8747,0.6467,0.6597,74.0318,14.1833,60.4601,65,7.5962,0.0149,0.8189,19,2025-07-03T16:29:36.945044,chill,3,1,5,5,2
126.0001,0.0578,10.0814,0.0000,4.1930,0.2210,0.1228,80.0000,0.0000,64.0231,41,1.4692,0.0128,1.2015,2,2025-07-03T16:29:37.225560,chill,3,1,3,4,1
50.0000,0.0714,3.6331,36.0000,3.2969,1.0108,0.5219,80.6447,5.3123,61.0362,41,2.2617,0.1671,1.2874,1,2025-07-03T16:29:37.493194,chill,1,1,3,4,1
125.0000,0.0722,20.4391,80.0000,7.3385,0.1316,0.0886,69.9582,12.9446,53.1545,55,2.7008,0.0061,0.9222,9,2025-07-03T16:29:37.904061,chill,3,0,3,5,0
64.3135,0.1450,13.3365,0.0000,5.4838,0.2371,0.1487,120.0000,0.0000,64.0428,67,2.3892,0.0104,0.7220,4,2025-07-03T16:29:38.246821,chill,3,1,4,5,0
112.0009,0.0390,17.4507,91.0000,7.4592,0.5524,0.7598,80.1284,12.6821,60.9201,72,11.4093,0.0098,0.7169,9,2025-07-03T16:29:38.552549,chill,3,0,5,5,2
150.4320,0.0546,6.7810,62.0000,4.3909,0.1924,0.1742,90.8234,10.3818,64.1190,67,1.5019,0.0099,0.8229,2,2025-07-03T16:29:38.895475,chill,2,0,5,5,0
136.0001,0.2127,2.4438,0.0000,2.5128,0.6138,1.3551,92.0000,0.0000,57.5507,43,0.5435,0.8977,0.5116,1,2025-07-03T16:29:39.180347,chill,1,2,4,3,0
115.0000,0.0469,35.0679,96.0000,11.3656,0.2885,0.6612,107.3861,19.2075,58.5334,69,11.1661,0.0042,0.0244,10,2025-07-03T16:29:39.755752,chill,3,0,6,2,2
73.6154,0.0886,12.3770,98.0000,6.1522,0.6918,0.4311,86.0913,12.4401,58.7078,58,6.6446,0.0435,0.6697,10,2025-07-03T16:29:40.026364,chill,3,2,5,4,2
140.0001,0.2033,1.9444,0.0000,2.5126,1.0241,0.7348,99.0000,0.0000,66.0000,29,1.0000,0.3248,1.7326,1,2025-07-03T16:29:40.265554,chill,0,2,4,3,3
162.0046,0.0604,28.4157,68.0000,9.4805,0.2444,0.2885,88.2845,15.0267,55.0890,46,7.0218,0.0041,0.7078,10,2025-07-03T16:29:40.667104,chill,3,0,5,4,0
100.0000,0.0297,22.2669,112.0000,8.3658,0.2503,0.6578,69.8315,27.5187,60.0947,72,6.9448,0.0067,0.7772,15,2025-07-03T16:29:41.099571,chill,3,0,5,5,2
82.2299,0.1000,0.9936,0.0000,2.5265,0.4279,0.1564,100.0000,0.0000,54.6724,39,2.6199,0.0472,0.7722,5,2025-07-03T16:29:41.397176,chill,0,2,4,3,0
116.0000,0.0345,33.4633,123.0000,10.9059,0.1618,0.2650,82.5355,25.1051,61.1961,62,7.2171,0.0056,0.6136,15,2025-07-03T16:29:41.903986,chill,3,0,5,5,2
157.8149,0.0539,9.5650,52.0000,4.3713,0.2956,0.1861,69.8668,10.9112,53.4752,72,2.7350,0.0111,0.9516,2,2025-07-03T16:29:42.188432,chill,2,1,3,6,0
160.0000,0.0833,24.5691,62.0000,8.3400,0.1690,0.0405,110.3521,23.4595,49.5051,67,3.3199,0.0252,0.0737,4,2025-07-03T16:29:42.544210,chill,3,2,5,3,0
180.0002,0.1360,54.9749,27.0000,14.5718,0.1575,0.2188,114.3067,7.4129,50.9943,52,5.8575,0.0025,0.4103,5,2025-07-03T16:29:43.081037,chill,3,1,4,4,0
180.0002,0.1360,54.9749,27.0000,14.5718,0.1575,0.2188,114.3067,7.4129,50.9943,52,5.8575,0.0025,0.4103,5,2025-07-03T16:29:43.541937,chill,3,1,4,4,0
74.4376,0.0599,5.7065,33.0000,3.5045,0.6975,0.3869,76.3245,5.0257,54.4423,27,2.3654,0.0816,1.2769,2,2025-07-03T16:29:43.777607,chill,2,1,3,3,1
47.0002,0.0731,8.7732,85.0000,5.3781,1.0644,1.2611,87.4720,19.8806,58.7746,60,8.0875,0.0302,0.7271,10,2025-07-03T16:29:44.057834,chill,2,1,5,5,2
85.0000,0.0662,14.8859,64.0000,6.3983,0.3827,0.5982,95.3957,16.1280,61.6288,49,5.4274,0.0205,0.8379,8,2025-07-03T16:29:44.405500,chill,3,1,5,4,0
83.0001,0.0286,20.3297,116.0000,8.0630,0.3892,0.3829,70.0467,29.0741,56.8907,60,8.3437,0.0050,0.8667,8,2025-07-03T16:29:44.797078,chill,3,0,5,5,2
132.0016,0.1401,8.2283,80.0000,4.9284,0.1284,0.1820,89.3315,12.4331,62.1581,60,1.8935,0.0359,1.1627,1,2025-07-03T16:29:45.108612,chill,2,2,5,5,0
130.0001,0.0361,30.8349,101.0000,10.5207,0.2803,0.5245,89.9434,21.9818,55.3802,69,10.0209,0.0036,0.6756,15,2025-07-03T16:29:45.589124,chill,3,0,5,5,2
126.0001,0.0992,13.9341,60.0000,6.1751,0.4647,0.5091,99.7651,12.3421,62.7216,39,4.0115,0.0265,0.6243,5,2025-07-03T16:29:45.904190,chill,3,2,5,3,0
135.0001,0.0427,16.9124,126.0000,7.3453,0.2906,1.5442,69.2363,32.0903,64.5355,67,5.3512,0.0031,0.7801,6,2025-07-03T16:29:46.475659,chill,3,0,5,5,2
117.5201,0.1122,2.8892,20.0000,2.6613,0.7305,0.5624,64.8705,5.1423,60.2446,39,1.3129,0.2534,1.2024,1,2025-07-03T16:29:46.757990,chill,1,2,1,4,1
88.3334,0.0778,3.4040,21.0000,2.6455,0.4799,0.5876,62.8100,5.8766,58.2700,48,1.1200,0.1165,1.2596,1,2025-07-03T16:29:47.023852,chill,1,1,1,5,1
140.0001,0.2428,0.8749,0.0000,2.5501,3.4241,0.0000,100.0000,0.0000,60.8333,40,1.5000,2.4888,1.5329,1,2025-07-03T16:29:47.289373,chill,0,2,4,4,1
153.6668,0.0925,34.9295,52.0000,10.8408,0.1881,0.3997,96.9955,13.1790,56.5984,62,8.1880,0.0075,0.0164,12,2025-07-03T16:29:47.754349,chill,3,0,4,2,2
92.0006,0.0801,11.2699,85.0000,6.0571,0.5656,0.6970,103.9452,16.8204,60.2193,51,7.7675,0.0291,0.6786,6,2025-07-03T16:29:48.014167,chill,3,2,6,4,0
121.3006,0.0480,19.0869,119.0000,7.7015,0.3755,0.4260,76.7777,19.4813,55.1447,62,6.0876,0.0113,0.5190,16,2025-07-03T16:29:48.375834,chill,3,0,5,4,2
77.0001,0.0466,15.8938,120.0000,7.6135,0.6171,1.0714,107.8472,19.5926,56.3236,70,11.3382,0.0202,0.4759,17,2025-07-03T16:29:48.959161,chill,3,1,6,5,2
69.4929,0.0683,6.5896,99.0000,4.4783,0.3833,0.5522,63.7622,16.5005,62.1032,67,2.6662,0.0718,0.2367,10,2025-07-03T16:29:49.476821,chill,2,1,3,4,2
100.0000,0.1307,2.9603,0.0000,2.7240,0.6875,0.2146,100.0000,0.0000,43.6667,20,1.5877,0.1261,1.4069,1,2025-07-03T16:29:49.709248,chill,1,2,4,3,3
75.0000,0.0722,18.2619,87.0000,7.4264,0.4666,0.7882,92.5966,33.1550,55.7606,53,7.1827,0.0134,0.0821,11,2025-07-03T16:29:50.108759,chill,3,1,6,2,2
114.0013,0.0325,32.3075,118.0000,10.5947,0.2591,0.5111,73.8958,13.9509,56.3006,51,8.3605,0.0041,0.1228,9,2025-07-03T16:29:50.670763,chill,3,0,5,3,0
93.0002,0.0554,24.3407,91.0000,8.6230,0.3687,0.8248,62.2633,16.4133,57.9333,48,9.6751,0.0132,0.2562,7,2025-07-03T16:29:51.045043,chill,3,1,3,3,0
85.0000,0.0329,35.1265,122.0000,11.6408,0.3720,0.5969,72.2848,20.1899,58.1449,60,12.4436,0.0046,0.7955,9,2025-07-03T16:29:51.538071,chill,3,0,5,5,2
128.1690,0.0558,17.6023,91.0000,7.0135,0.1126,0.2098,83.4629,19.5206,52.0063,45,3.1815,0.0133,0.2126,6,2025-07-03T16:29:51.838987,chill,3,1,5,3,0
127.0003,0.0410,21.5705,91.0000,8.2209,0.3254,0.8013,85.9376,15.3689,58.8706,55,8.2129,0.0066,0.9734,9,2025-07-03T16:29:52.225937,chill,3,0,5,5,0
122.0008,0.0487,24.3444,126.0000,8.8042,0.0828,0.1649,96.1618,19.6700,43.4401,49,2.7143,0.0045,0.9629,7,2025-07-03T16:29:52.673827,chill,3,0,6,4,0
180.0018,0.0493,34.0534,105.0000,10.8534,0.1748,0.3312,86.3788,18.9100,60.9202,57,6.3225,0.0041,0.6312,15,2025-07-03T16:29:53.111541,chill,3,0,5,4,2
158.0002,0.1158,14.5098,74.0000,6.2214,0.0900,0.2487,81.7780,27.1241,48.6742,53,2.7813,0.0241,0.0511,7,2025-07-03T16:29:53.479361,chill,3,2,5,1,2
136.0001,0.0507,40.9613,126.0000,12.6534,0.1372,0.1850,92.6025,28.1024,54.3162,48,6.2183,0.0029,0.1077,7,2025-07-03T16:29:54.074159,chill,3,0,6,2,0
85.3334,0.0521,25.3936,123.0000,9.1184,0.1172,0.3678,96.2318,19.2477,52.6700,70,3.9972,0.0101,0.2568,14,2025-07-03T16:29:54.392673,chill,3,0,6,4,0
102.0009,0.0478,9.4403,106.0000,5.3324,0.4712,1.4877,76.7778,31.2177,50.3299,36,4.4304,0.0207,1.1663,8,2025-07-03T16:29:54.732344,chill,2,1,5,4,2
120.0000,0.0761,9.8566,63.0000,4.9506,0.2775,0.1725,97.4881,10.6500,58.7856,66,1.7301,0.0144,0.6490,1,2025-07-03T16:29:55.078642,chill,2,1,5,5,0
162.0002,0.0917,33.6988,12.0000,10.2310,0.1760,0.2956,115.0029,0.1852,52.8822,53,4.9400,0.0034,0.8717,9,2025-07-03T16:29:55.538943,chill,3,0,4,5,2
227.8527,0.0895,51.4104,108.0000,15.2010,0.2369,0.4199,83.4521,22.1898,56.7589,45,12.8213,0.0019,0.4892,11,2025-07-03T16:29:55.916898,chill,3,0,5,4,0
160.0000,0.0362,17.7879,120.0000,7.8267,0.5434,0.4904,93.7744,21.3843,56.4292,55,10.4259,0.0076,0.6721,14,2025-07-03T16:29:56.324997,chill,3,0,6,4,2
102.0001,0.0498,36.6149,120.0000,11.7265,0.1308,0.1818,95.7159,26.5414,58.3155,67,5.9914,0.0034,0.4925,8,2025-07-03T16:29:56.797592,chill,3,0,6,5,2
120.0000,0.0345,25.9776,126.0000,9.1649,0.2286,0.7190,66.6086,19.6237,51.3569,89,6.7513,0.0043,0.1183,14,2025-07-03T16:29:57.462163,chill,3,0,3,4,2
124.0000,0.0644,7.5052,105.0000,4.7871,0.2596,0.3266,81.8246,12.9458,46.2547,60,1.5042,0.0114,1.3429,1,2025-07-03T16:29:57.771064,chill,2,1,5,6,1
134.0001,0.1480,9.5401,67.0000,4.7640,0.3789,0.2259,64.8905,9.9879,62.5866,45,2.6767,0.0423,0.8932,7,2025-07-03T16:29:58.058349,chill,2,2,3,4,0
100.0000,0.0627,12.5101,89.0000,5.8299,0.3584,1.7321,62.3107,13.3756,75.5012,73,4.8930,0.0107,0.8386,1,2025-07-03T16:29:58.413306,chill,3,1,3,6,0
128.1893,0.1018,8.3965,0.0000,4.3754,0.4804,0.5367,127.0000,0.0000,61.4712,72,2.9882,0.0404,0.7038,4,2025-07-03T16:29:58.725314,chill,2,2,4,5,0
84.0000,0.0650,19.4310,68.0000,7.5711,0.3705,0.3415,84.9454,14.4896,58.7512,58,6.5666,0.0063,0.6377,6,2025-07-03T16:29:59.077488,chill,3,0,5,4,0
86.0001,0.0337,34.7874,118.0000,11.1263,0.2772,0.3488,78.5423,23.9717,60.1195,55,12.8334,0.0050,0.3931,12,2025-07-03T16:29:59.618526,chill,3,0,5,4,0
85.0002,0.0628,6.5241,43.0000,3.8918,0.5466,0.4149,79.5057,5.9005,61.2000,31,2.1000,0.0618,1.1832,1,2025-07-03T16:29:59.864895,chill,2,1,4,3,3
136.7500,0.0810,21.5569,23.0000,7.3340,0.1218,0.0753,126.9474,0.9530,36.0098,29,2.8277,0.0105,0.0813,3,2025-07-03T16:30:00.320258,chill,3,0,4,1,0
150.0000,0.1020,5.9375,0.0000,3.7079,0.9105,0.6427,100.0000,0.0000,78.1579,31,3.2237,0.0559,1.5590,1,2025-07-03T16:30:00.589786,chill,2,2,4,3,3
95.8033,0.0640,20.0939,126.0000,8.1441,0.3969,0.5980,84.6477,28.1449,56.9898,62,7.5159,0.0332,0.1608,11,2025-07-03T16:30:01.019652,chill,3,1,5,3,0
126.0001,0.0619,28.9161,76.0000,9.5608,0.3103,0.2342,84.5513,11.0493,57.6476,66,6.5868,0.0084,0.4117,14,2025-07-03T16:30:01.403643,chill,3,0,5,4,0
120.0000,0.1059,2.8926,66.0000,3.2936,0.2741,0.1877,74.2857,11.4073,69.2208,14,0.9805,0.0789,1.0648,1,2025-07-03T16:30:01.676562,chill,1,2,5,2,0
120.0000,0.1059,6.1231,0.0000,3.2618,0.4548,0.0962,64.0000,0.0000,49.9698,45,1.6709,0.0370,1.1834,3,2025-07-03T16:30:01.951937,chill,2,2,1,4,0
111.1000,0.0870,7.6888,0.0000,4.2523,0.8430,0.6481,127.0000,0.0000,65.8960,69,4.9297,0.0531,1.0461,6,2025-07-03T16:30:02.258616,chill,2,2,4,6,0
131.8020,0.0574,25.1899,90.0000,8.8067,0.1649,0.4595,93.6584,27.2845,48.8278,67,5.6814,0.0066,0.6949,12,2025-07-03T16:30:02.613456,chill,3,0,6,5,2
175.0036,0.0353,20.2759,123.0000,8.0653,0.3100,0.5268,80.3328,22.7064,55.8509,56,7.2981,0.0104,0.5510,13,2025-07-03T16:30:03.018383,chill,3,0,5,4,2
93.0002,0.0493,9.7504,100.0000,5.2969,0.2949,0.6875,74.5360,22.7278,47.4580,55,3.2936,0.0262,0.5790,7,2025-07-03T16:30:03.362448,chill,2,1,5,4,2
58.3000,0.0887,2.9026,64.0000,3.4208,0.9003,1.3408,82.0394,11.9231,68.1434,43,1.5717,0.1791,0.6316,2,2025-07-03T16:30:03.633207,chill,1,2,5,3,0
128.0964,0.0706,3.6512,14.0000,2.6177,0.9865,0.9802,36.2407,2.9841,71.4444,55,2.6852,0.0642,1.6325,1,2025-07-03T16:30:03.903559,chill,1,1,0,6,3
63.5715,0.1228,3.1775,20.0000,2.7476,1.0021,1.1351,125.2552,3.6382,65.6624,64,2.2938,0.1667,0.7341,1,2025-07-03T16:30:04.215555,chill,1,2,4,5,0
175.5627,0.0894,16.0781,31.0000,5.7953,0.1282,0.1313,58.5043,8.2186,64.4183,55,2.1183,0.0046,1.2184,2,2025-07-03T16:30:04.498925,chill,3,0,2,5,1
150.0000,0.0586,24.3554,76.0000,8.5059,0.1877,0.1723,86.1151,14.5961,53.6352,45,5.0946,0.0049,0.7224,6,2025-07-03T16:30:04.889513,chill,3,0,5,4,2
183.0052,0.0579,31.8987,81.0000,10.3194,0.1841,0.5658,112.1995,22.1716,58.4330,66,6.4167,0.0037,0.5414,7,2025-07-03T16:30:05.373392,chill,3,0,6,4,2
111.6006,0.0629,16.7293,79.0000,6.9912,0.3789,0.4260,99.9621,13.2361,53.1680,69,5.1374,0.0112,0.6391,6,2025-07-03T16:30:05.727765,chill,3,1,6,5,0
48.0000,0.0722,2.8556,30.0000,2.8788,1.1730,0.8495,63.7121,2.6675,65.8171,55,2.6051,0.1780,1.4501,1,2025-07-03T16:30:06.001702,chill,1,1,2,5,3
93.0000,0.0833,3.0231,63.0000,3.3772,1.3264,1.4263,77.0619,14.4593,64.0938,53,3.0347,0.1818,0.7210,2,2025-07-03T16:30:06.302688,chill,1,2,5,4,0
131.5043,0.1065,46.4131,126.0000,13.3764,0.1259,0.2524,81.7676,27.1824,69.1347,75,6.3712,0.0019,0.6436,14,2025-07-03T16:30:08.724678,chill,3,1,5,5,2
129.0001,0.0290,16.0952,123.0000,7.5112,0.6126,0.9183,77.1747,28.3487,61.2186,55,9.6841,0.0091,0.8140,10,2025-07-03T16:30:09.137227,chill,3,0,5,5,0
116.0001,0.0387,22.0475,101.0000,8.4726,0.3124,0.4367,108.0230,17.8268,54.0430,68,7.8510,0.0063,0.8048,5,2025-07-03T16:30:09.481825,chill,3,0,6,5,0
102.0001,0.0491,29.2183,103.0000,9.8656,0.1545,0.3780,92.0865,25.1290,46.4782,48,5.2730,0.0043,0.5766,5,2025-07-03T16:30:09.849013,chill,3,0,6,4,0
78.4001,0.0469,15.5491,126.0000,7.3048,0.4965,0.6988,91.5330,14.3960,58.0803,76,7.8120,0.0272,0.0834,15,2025-07-03T16:30:10.284798,chill,3,1,6,3,2
73.0001,0.0582,11.1447,117.0000,6.1603,0.5600,0.6427,78.7385,18.1579,50.1121,53,6.6771,0.0284,0.5240,5,2025-07-03T16:30:10.587854,chill,3,1,5,4,0
100.0000,0.0718,7.6274,66.0000,4.4575,0.2229,0.2599,61.9104,11.9745,71.4252,58,2.1778,0.0138,1.2762,1,2025-07-03T16:30:10.856955,chill,2,1,3,5,1
143.0001,0.1552,8.0438,0.0000,4.1234,0.1067,0.0227,127.0000,0.0000,83.5926,22,1.0000,0.0182,1.5690,1,2025-07-03T16:30:11.113847,chill,2,2,4,3,3
109.9999,0.0614,17.9661,25.0000,6.9523,0.5022,0.6661,126.9850,0.6128,52.9591,55,7.1766,0.0093,0.8602,10,2025-07-03T16:30:11.510858,chill,3,0,4,5,2
56.2222,0.0324,15.4556,112.0000,7.2685,0.6805,1.4414,79.5061,19.2462,62.5213,80,10.1353,0.0128,0.8340,14,2025-07-03T16:30:11.919076,chill,3,0,5,6,2
78.0001,0.0708,8.3892,92.0000,5.2143,0.8506,1.3158,70.6303,19.5175,55.1176,67,7.2814,0.0393,0.7356,7,2025-07-03T16:30:12.250205,chill,2,1,5,5,2
130.0001,0.0486,44.3865,115.0000,13.1903,0.1874,0.5064,74.0600,24.5995,57.7622,62,10.7178,0.0025,0.6466,14,2025-07-03T16:30:13.075950,chill,3,0,5,5,2
140.0005,0.0659,34.1852,80.0000,10.7780,0.1571,0.1879,113.3240,13.9369,60.7246,68,6.4996,0.0051,0.5361,15,2025-07-03T16:30:13.530412,chill,3,0,6,5,2
198.9997,0.1086,94.0995,124.0000,18.3596,0.1187,0.1182,81.6605,30.1308,63.8207,50,11.2978,0.0007,0.7766,10,2025-07-03T16:30:13.833868,chill,3,1,5,4,0
90.0000,0.0997,8.3321,39.0000,4.4296,0.5545,1.3397,100.5478,1.5959,48.8693,60,3.6277,0.0343,0.6816,10,2025-07-03T16:30:14.194842,chill,2,2,4,5,2
88.0000,0.0363,30.7438,126.0000,10.6607,0.3385,0.6576,84.2975,25.3952,55.8260,72,12.3625,0.0044,0.6767,16,2025-07-03T16:30:14.761828,chill,3,0,5,5,2
139.0002,0.1903,12.8623,0.0000,4.9140,0.1079,0.0000,100.0000,0.0000,54.3602,41,1.0253,0.0059,1.0616,4,2025-07-03T16:30:15.060913,chill,3,1,4,4,0
140.0001,0.0702,32.6667,0.0000,9.7735,0.1790,0.4296,100.0000,0.0000,53.5452,48,4.9223,0.0022,0.9435,5,2025-07-03T16:30:15.405501,chill,3,0,4,4,0
140.0001,0.1467,2.6250,0.0000,2.5718,0.3810,0.2428,100.0000,0.0000,59.7778,10,0.5000,0.0623,1.8126,1,2025-07-03T16:30:15.703807,chill,1,2,4,2,1
140.0001,0.1359,1.7489,0.0000,2.4536,0.2679,0.0924,98.0000,0.0000,75.7500,16,0.5000,0.1102,2.1245,1,2025-07-03T16:30:16.008888,chill,0,2,4,2,1
140.0001,0.0675,8.7072,40.0000,4.1764,0.1899,0.0995,95.7153,9.6822,52.1818,42,1.1998,0.0095,1.1832,1,2025-07-03T16:30:16.315365,chill,2,0,4,4,0
78.5264,0.0777,5.7950,0.0000,3.2555,0.4803,0.3862,80.0000,0.0000,61.5025,43,2.0112,0.0407,1.0105,3,2025-07-03T16:30:16.838444,chill,2,1,3,4,0
135.7501,0.1680,2.6809,70.0000,3.4267,0.9809,1.2235,81.1947,13.6890,67.9493,74,1.7596,0.4341,0.8424,1,2025-07-03T16:30:17.165026,chill,1,2,5,6,0
183.3335,0.1247,34.8027,52.0000,10.7542,0.2185,0.2158,126.8001,2.4330,43.5485,55,5.2802,0.0048,0.1447,9,2025-07-03T16:30:17.899155,chill,3,1,5,3,0
123.0002,0.0766,18.4778,57.0000,7.0629,0.3306,0.3473,126.5666,4.0802,43.6116,58,3.9161,0.0105,0.5342,8,2025-07-03T16:30:18.323492,chill,3,1,5,4,2
183.3335,0.0839,28.9149,52.0000,9.5858,0.2241,0.2274,126.9316,1.8849,45.4236,61,4.3193,0.0057,0.1675,7,2025-07-03T16:30:18.967308,chill,3,0,5,3,0
120.0000,0.0464,22.1996,126.0000,8.4949,0.1771,0.4123,91.4766,29.3862,55.5345,55,5.0527,0.0069,0.9571,13,2025-07-03T16:30:19.414048,chill,3,0,6,5,0
114.0000,0.0529,19.0004,126.0000,7.6794,0.3431,1.0525,54.0525,19.8182,55.6276,69,7.9554,0.0056,0.7304,13,2025-07-03T16:30:19.875662,chill,3,0,3,5,2
120.0000,0.0346,25.8112,126.0000,9.1447,0.2286,0.7191,66.6026,19.6146,51.3415,89,6.7472,0.0044,0.1216,14,2025-07-03T16:30:20.433060,chill,3,0,3,4,2
128.0000,0.0702,13.0000,30.0000,5.0319,0.2344,0.0000,94.2000,8.4923,63.3692,24,1.5462,0.0120,0.8539,1,2025-07-03T16:30:20.704936,chill,3,1,4,2,0
135.0001,0.0783,11.4609,0.0000,4.5372,0.1429,0.0547,97.0000,0.0000,45.5583,39,1.1442,0.0021,0.7866,2,2025-07-03T16:30:20.973270,chill,3,0,4,3,0
92.5556,0.0383,11.4258,99.0000,6.1186,0.8582,0.7672,81.0015,12.9242,61.8466,69,8.4802,0.0205,0.9490,8,2025-07-03T16:30:21.302212,chill,3,1,5,6,0
128.0000,0.1796,10.5956,86.0000,5.5272,0.3350,0.2363,98.2517,14.1711,55.9094,59,2.1443,0.0153,0.7690,1,2025-07-03T16:30:21.572703,chill,3,1,6,5,0
124.6667,0.0717,6.5867,37.0000,3.7333,0.4330,0.2699,60.4343,7.8900,64.8494,41,2.6576,0.0290,1.1806,2,2025-07-03T16:30:21.854991,chill,2,1,2,4,0
110.9999,0.0737,30.2228,59.0000,10.0200,0.2053,0.4437,110.2146,12.0023,56.8691,91,7.4472,0.0043,0.1672,8,2025-07-03T16:30:22.325536,chill,3,0,5,4,0
118.0045,0.0369,36.0709,126.0000,11.8268,0.1967,0.5937,82.8546,24.4528,63.1029,68,9.1019,0.0050,0.0138,15,2025-07-03T16:30:22.855816,chill,3,0,5,2,2
128.0000,0.0387,29.9304,92.0000,9.9611,0.2073,0.3096,84.8104,14.6275,56.1251,60,7.3150,0.0041,0.6448,11,2025-07-03T16:30:23.263226,chill,3,0,5,5,2
73.7175,0.0431,20.4330,91.0000,8.3198,0.6789,0.7808,90.3020,19.9951,55.5500,77,12.7294,0.0152,0.4305,13,2025-07-03T16:30:23.612490,chill,3,0,6,5,0
137.0001,0.0655,22.6360,52.0000,8.3290,0.1877,0.3370,112.2385,14.4050,51.2124,52,4.2941,0.0045,0.8364,10,2025-07-03T16:30:24.002867,chill,3,0,5,4,2
58.0002,0.0903,14.7048,40.0000,6.1926,0.6947,1.2110,94.9734,6.5711,57.6612,62,7.8184,0.0306,0.0342,13,2025-07-03T16:30:24.387094,chill,3,2,4,2,2
45.1538,0.0751,0.4487,104.0000,3.7535,0.5653,0.4553,69.3408,17.6499,63.7917,60,2.6438,0.0527,0.8208,2,2025-07-03T16:30:24.683886,chill,0,1,3,5,0
59.1539,0.0802,13.1788,85.0000,5.9519,0.6072,1.1178,59.6815,17.0713,61.6793,61,6.7309,0.0183,0.7140,15,2025-07-03T16:30:25.082772,chill,3,2,3,5,2
210.8241,0.0504,13.5692,91.0000,6.1787,0.2373,0.2207,72.0691,19.4588,65.5589,62,3.1023,0.0120,0.2774,1,2025-07-03T16:30:25.538845,chill,3,0,5,4,0
210.0001,0.0360,27.8979,117.0000,9.6643,0.2513,0.2778,77.8526,20.0454,66.3646,52,6.7126,0.0065,0.1550,10,2025-07-03T16:30:26.161290,chill,3,0,5,3,2
100.0000,0.0480,21.6128,126.0000,8.2630,0.1750,0.3383,89.9861,24.1938,50.1054,61,3.6111,0.0051,0.6688,10,2025-07-03T16:30:26.593612,chill,3,0,5,5,2
94.0001,0.0525,52.5151,102.0000,14.7597,0.2007,0.2016,95.2454,12.0194,46.0704,58,7.4127,0.0026,0.4236,18,2025-07-03T16:30:27.378524,chill,3,0,6,4,0
78.0001,0.0608,13.3401,89.0000,6.2276,0.6192,0.4447,86.2946,16.7848,54.1014,53,5.8450,0.0210,0.8165,9,2025-07-03T16:30:27.723334,chill,3,1,5,4,2
72.0000,0.0895,3.0243,88.0000,3.6051,0.5378,0.3907,63.4611,16.2542,65.6702,52,1.4155,0.0638,0.9305,2,2025-07-03T16:30:28.047460,chill,1,2,3,4,0
120.0000,0.0625,6.0476,0.0000,3.6329,0.5896,0.5149,96.0000,0.0000,61.2677,55,2.2953,0.0271,1.2013,1,2025-07-03T16:30:28.473490,chill,2,1,4,5,1
72.0000,0.0803,4.2385,30.0000,3.2124,1.0360,0.9837,79.2886,6.3173,59.4283,55,3.2985,0.1326,0.9904,5,2025-07-03T16:30:28.872467,chill,1,2,3,5,0
120.0000,0.0635,5.1000,0.0000,3.1520,0.5484,0.3747,80.0000,0.0000,52.2206,50,1.9886,0.0696,1.1711,2,2025-07-03T16:30:29.194895,chill,2,1,3,4,0
150.0000,0.0576,9.3964,0.0000,3.9218,0.3268,0.2510,64.0000,0.0000,53.1503,46,1.8794,0.0176,1.1925,2,2025-07-03T16:30:29.515674,chill,2,1,1,4,0
138.9999,0.0605,10.9705,0.0000,4.4781,0.2519,0.1575,95.0000,0.0000,56.0825,40,1.9313,0.0127,1.0878,2,2025-07-03T16:30:29.850566,chill,3,1,4,4,0
120.0000,0.0590,6.7580,0.0000,3.5860,0.4624,0.4353,80.0000,0.0000,57.6404,47,2.4791,0.0299,1.1374,2,2025-07-03T16:30:30.176999,chill,2,1,3,4,0
93.0000,0.0696,5.8315,0.0000,3.3681,0.8033,0.8712,80.0000,0.0000,55.2853,55,3.4271,0.0540,1.0974,2,2025-07-03T16:30:30.506683,chill,2,1,3,5,0
70.9998,0.0660,4.9668,0.0000,3.1274,0.7735,1.0759,80.0000,0.0000,61.9530,69,2.6264,0.0692,0.8742,2,2025-07-03T16:30:30.819504,chill,1,1,3,6,0
70.9998,0.0660,4.9668,0.0000,3.1274,0.7735,1.0759,80.0000,0.0000,61.9530,69,2.6264,0.0692,0.8742,2,2025-07-03T16:30:31.135072,chill,1,1,3,6,0
180.0007,0.0799,12.6876,93.0000,5.8875,0.2182,0.1409,102.7987,21.3368,52.5538,67,1.7308,0.0088,0.8868,1,2025-07-03T16:30:31.534764,chill,3,0,6,6,0
185.0002,0.0633,10.3775,0.0000,4.3779,0.3000,0.1716,95.0000,0.0000,63.8514,63,2.0388,0.0181,1.3004,2,2025-07-03T16:30:31.863713,chill,3,1,4,6,3
72.1019,0.0773,4.0510,96.0000,3.8571,0.6924,0.6192,71.4701,14.6985,64.0154,58,2.1005,0.0973,0.9759,1,2025-07-03T16:30:32.210721,chill,1,1,5,5,0
90.0001,0.0796,15.1806,0.0000,5.8381,0.6061,0.4762,100.0000,0.0000,58.7369,39,6.2104,0.0245,0.5696,6,2025-07-03T16:30:32.591857,chill,3,1,4,3,2
114.0013,0.0323,34.7940,126.0000,11.1582,0.2586,0.4138,76.9633,26.4162,57.5108,65,9.1967,0.0024,0.7771,15,2025-07-03T16:30:33.130208,chill,3,0,5,5,2
172.5566,0.0696,11.1472,52.0000,4.9209,0.3157,0.2369,50.2785,7.6359,61.7067,56,2.5177,0.0101,0.9089,1,2025-07-03T16:30:33.453461,chill,3,1,3,5,0
134.0001,0.0777,38.9378,77.0000,11.6703,0.2403,0.1094,77.7787,18.2545,48.3463,42,5.7970,0.0047,0.5348,6,2025-07-03T16:30:33.944760,chill,3,0,5,3,2
57.8881,0.1116,5.3940,86.0000,3.8530,0.4987,0.5462,42.2943,16.0467,66.2589,67,1.8606,0.0764,0.5983,2,2025-07-03T16:30:34.295473,chill,2,2,2,5,0
100.0000,0.0764,3.8282,47.0000,3.2399,0.0806,0.0218,76.2564,13.5035,73.6154,13,0.5000,0.0043,2.0332,1,2025-07-03T16:30:34.585882,chill,1,0,4,2,1
72.0003,0.0629,13.1302,69.0000,5.8115,0.4366,0.6311,69.9333,14.7308,56.2351,57,5.6606,0.0165,0.7794,13,2025-07-03T16:30:35.023602,chill,3,1,3,5,2
120.0000,0.0494,7.3049,36.0000,3.7954,0.3900,0.2619,64.1770,2.5184,58.6754,48,1.8426,0.0230,0.9078,7,2025-07-03T16:30:35.331683,chill,2,1,2,4,0
93.0002,0.0347,26.7232,126.0000,9.6287,0.2780,0.8298,92.9653,25.2358,52.9171,79,9.2875,0.0071,0.6568,9,2025-07-03T16:30:35.855477,chill,3,0,6,6,2
155.0003,0.0361,28.8025,119.0000,9.8536,0.3647,1.3406,89.6801,17.1553,49.9848,60,7.2738,0.0081,0.5043,8,2025-07-03T16:30:36.381467,chill,3,0,5,4,2
62.2102,0.0777,10.5817,107.0000,5.9540,0.8662,1.1098,64.5718,23.9292,69.6715,77,9.4440,0.0449,0.4678,14,2025-07-03T16:30:36.731591,chill,3,1,3,6,2
190.0001,0.1938,2.0173,40.0000,3.3597,2.1920,2.7859,105.2687,12.7403,41.8507,26,3.8881,0.4417,1.4666,7,2025-07-03T16:30:37.012820,chill,1,2,4,3,3
109.0001,0.0466,27.4982,126.0000,9.7652,0.4212,2.4159,99.2510,25.0236,55.4505,58,10.6636,0.0043,0.8654,14,2025-07-03T16:30:37.533458,chill,3,0,6,5,2
126.0001,0.0372,19.7187,91.0000,7.9289,0.5572,1.1318,75.8617,13.3256,54.9740,60,11.1174,0.0094,0.6410,13,2025-07-03T16:30:38.033220,chill,3,0,5,5,0
63.0001,0.0324,17.8160,126.0000,7.6838,0.5071,0.6558,70.0647,23.2105,55.8601,60,8.1834,0.0132,0.6739,15,2025-07-03T16:30:38.422665,chill,3,0,5,5,2
82.4211,0.0612,27.6751,85.0000,9.5160,0.3083,0.5700,91.3729,18.7491,57.6001,48,7.6528,0.0085,0.5758,7,2025-07-03T16:30:38.912248,chill,3,0,6,4,2
91.6395,0.0702,9.7698,36.0000,4.5338,0.3550,0.3314,95.2597,10.7144,62.2242,51,2.4569,0.0101,1.3760,2,2025-07-03T16:30:39.272339,chill,2,1,4,5,1
61.7465,0.0576,11.8865,112.0000,6.1714,0.8430,1.3502,58.7385,21.5113,67.3103,85,11.0425,0.0313,0.3286,15,2025-07-03T16:30:39.804070,chill,3,1,3,5,0
150.0000,0.0700,24.2514,31.0000,8.2354,0.1297,0.1770,59.5748,7.8783,55.8538,51,2.7765,0.0048,0.8345,2,2025-07-03T16:30:40.126863,chill,3,0,2,4,0
97.1725,0.0635,6.6698,43.0000,3.8144,0.3977,0.4108,63.8662,6.4341,63.1723,54,1.7925,0.0501,0.8351,1,2025-07-03T16:30:40.400760,chill,2,1,2,5,0
46.5889,0.0785,3.1604,76.0000,3.3365,1.1813,1.5412,44.5210,13.9871,58.3689,58,2.7386,0.0539,0.6743,3,2025-07-03T16:30:42.607160,chill,1,1,2,4,0
92.5000,0.0334,18.2014,122.0000,7.8640,0.4357,0.7060,82.8346,23.7334,55.2136,83,9.2362,0.0072,1.0344,8,2025-07-03T16:30:43.033435,chill,3,0,5,7,0
80.0000,0.1251,4.6186,0.0000,3.3045,0.9400,1.0648,99.0000,0.0000,72.6923,65,4.2088,0.1206,0.9302,4,2025-07-03T16:30:43.292759,chill,1,2,4,5,0
118.0011,0.0587,27.4226,75.0000,9.4753,0.2336,0.7627,105.8374,20.1231,60.5755,67,6.9531,0.0048,0.7206,7,2025-07-03T16:30:43.679757,chill,3,0,6,5,2
120.0000,0.0654,20.5759,66.0000,7.2517,0.1807,0.2465,76.1551,20.8355,72.1460,26,2.3113,0.0047,0.7684,8,2025-07-03T16:30:44.030676,chill,3,0,5,2,2
91.2135,0.0659,5.1262,23.0000,3.1549,0.5569,0.4364,63.7983,5.5162,60.8747,50,2.5467,0.0699,0.7355,2,2025-07-03T16:30:44.307979,chill,2,1,1,4,0
98.4680,0.0473,7.1560,24.0000,3.7362,0.2228,0.2160,74.7393,4.8523,63.8381,27,1.7564,0.0193,1.0916,1,2025-07-03T16:30:44.557731,chill,2,1,3,3,3
98.4387,0.1009,5.5238,81.0000,4.0020,0.3913,0.2557,77.9570,9.0799,59.8495,42,1.7003,0.0294,1.1446,1,2025-07-03T16:30:44.848349,chill,2,2,5,4,0
128.0000,0.0935,6.5767,84.0000,4.5580,0.6134,0.9782,84.7984,19.9814,59.0310,53,3.4578,0.0655,0.1927,11,2025-07-03T16:30:45.269727,chill,2,2,5,3,2
68.5556,0.0482,19.6638,126.0000,7.9966,0.2415,1.0427,87.6719,27.0659,51.6657,70,5.9382,0.0054,0.9112,7,2025-07-03T16:30:45.738916,chill,3,0,5,6,0
38.7572,0.1147,3.3104,74.0000,3.3080,1.5473,0.9245,53.0105,19.9616,54.9021,51,2.8881,0.2857,0.9735,2,2025-07-03T16:30:45.991130,chill,1,2,3,4,0
60.0000,0.0749,9.6781,126.0000,5.8973,0.8654,1.7673,88.9677,36.6235,52.1742,67,9.4231,0.0466,0.0814,10,2025-07-03T16:30:46.474107,chill,2,1,5,3,2
134.4002,0.1415,19.8566,126.0000,8.0750,0.5000,5.2108,84.3117,18.0984,59.0544,100,7.3556,0.4813,0.0184,13,2025-07-03T16:30:47.017287,chill,3,2,5,2,2
60.5666,0.0329,25.0801,102.0000,8.9569,0.3864,0.8368,71.8276,16.8880,64.2424,58,10.8479,0.0086,0.6083,12,2025-07-03T16:30:47.406439,chill,3,0,5,4,2
175.0001,0.0352,21.5257,123.0000,8.3183,0.3042,0.4681,80.2717,22.7447,55.8138,56,7.2882,0.0107,0.5556,13,2025-07-03T16:30:47.897344,chill,3,0,5,4,2
122.0001,0.0642,41.6726,118.0000,12.5466,0.0863,0.2275,42.9787,22.3530,53.7959,56,4.3458,0.0091,0.0099,9,2025-07-03T16:30:48.479576,chill,3,0,2,2,2
89.9901,0.0909,6.4576,40.0000,4.1304,0.4398,0.3590,116.7889,14.7785,41.2195,36,1.7966,0.0285,1.0243,3,2025-07-03T16:30:48.766114,chill,2,2,4,3,0
92.9001,0.0623,5.4007,48.0000,3.4946,0.2443,0.2564,65.4521,10.5213,69.3096,56,1.1986,0.0211,0.8153,1,2025-07-03T16:30:49.011841,chill,2,1,3,5,0
140.0001,0.2126,11.7542,77.0000,5.6051,0.1723,0.7198,99.7345,4.1079,47.1762,48,2.1700,0.0090,1.2212,3,2025-07-03T16:30:49.281430,chill,3,1,6,5,1
110.0001,0.0544,30.6443,99.0000,10.0300,0.1293,0.2175,90.1535,22.9392,60.1205,58,4.9501,0.0071,0.0504,6,2025-07-03T16:30:49.786223,chill,3,0,6,2,2
99.0001,0.0600,22.3539,92.0000,8.0095,0.1833,0.2807,112.0653,15.3563,54.4028,54,3.0600,0.0084,0.2000,9,2025-07-03T16:30:50.307361,chill,3,0,6,3,2
90.0001,0.0505,10.0837,102.0000,5.7484,0.9827,0.9256,63.2104,30.8300,59.8708,48,9.3858,0.0168,0.9583,7,2025-07-03T16:30:50.706831,chill,3,0,3,4,0
78.4000,0.0618,12.0222,112.0000,6.3627,0.4634,2.9062,108.3050,22.8169,53.6956,74,6.7593,0.0325,0.0343,12,2025-07-03T16:30:51.238917,chill,3,1,6,2,2
130.0001,0.0743,8.6901,0.0000,4.0604,0.1115,0.0000,100.0000,0.0000,54.4688,22,1.3750,0.0233,1.0084,1,2025-07-03T16:30:51.673475,chill,2,1,4,1,0
92.0000,0.0314,22.5767,126.0000,8.9941,0.5710,0.9942,72.8913,29.7198,55.9038,58,13.5752,0.0095,0.5244,14,2025-07-03T16:30:52.161665,chill,3,0,5,4,2
180.0000,0.0557,21.2400,72.0000,7.9119,0.3103,0.9074,80.8790,18.9173,55.9698,62,6.8383,0.0082,0.7762,6,2025-07-03T16:30:52.589050,chill,3,0,5,5,2
119.0004,0.0522,20.5096,126.0000,8.2766,0.2706,0.4195,101.1400,24.9265,50.2652,65,6.0117,0.0060,0.2672,8,2025-07-03T16:30:53.097162,chill,3,0,6,4,2
91.5000,0.0683,5.5553,84.0000,4.0940,0.7126,0.7976,70.9767,12.7546,61.0100,43,3.8514,0.0240,1.4002,2,2025-07-03T16:30:53.463279,chill,2,1,5,4,1
90.0000,0.0780,14.3202,0.0000,5.9400,0.5383,0.7815,127.0000,0.0000,52.4294,70,7.1063,0.0171,0.4283,14,2025-07-03T16:30:53.923253,chill,3,1,4,5,0
135.0014,0.0847,24.9596,64.0000,8.6228,0.3053,0.2188,121.1960,7.0797,57.3878,55,5.9948,0.0093,0.6216,8,2025-07-03T16:30:54.698258,chill,3,0,5,4,2
100.0000,0.0645,6.8702,45.0000,3.9312,0.5292,0.3031,79.8302,8.5983,60.1857,31,2.1844,0.0738,1.0932,1,2025-07-03T16:30:55.101718,chill,2,1,4,3,3
131.0001,0.0400,33.1655,123.0000,10.9265,0.2614,0.3705,110.1252,17.8211,47.6935,48,7.4506,0.0036,0.0410,15,2025-07-03T16:30:55.715103,chill,3,0,6,2,0
90.0009,0.0624,12.1366,64.0000,5.5121,0.2927,0.3417,90.6116,15.7513,52.3148,53,3.5450,0.0175,0.8966,9,2025-07-03T16:30:56.363648,chill,3,1,5,4,2
112.0001,0.0664,16.3531,0.0000,6.1587,0.3372,0.5576,100.0000,0.0000,46.8962,53,5.5028,0.0087,0.8748,14,2025-07-03T16:30:57.001185,chill,3,0,4,4,2
74.3960,0.0564,23.2377,97.0000,8.6379,0.2550,0.2678,82.9140,20.4847,69.8891,72,4.5077,0.0103,0.0902,6,2025-07-03T16:30:57.686616,chill,3,1,5,3,2
76.3813,0.1816,1.7671,90.0000,3.7128,2.7695,3.0459,65.7778,18.5501,62.1147,69,5.5048,0.9441,0.4467,5,2025-07-03T16:30:58.220170,chill,0,2,3,5,0
120.0000,0.0597,17.0508,80.0000,7.1125,0.2271,0.6559,114.1691,9.3376,52.7175,67,4.8765,0.0092,0.6681,8,2025-07-03T16:30:58.934264,chill,3,0,6,5,2
68.9246,0.0593,3.1995,28.0000,2.7945,0.6922,0.6487,62.6023,5.7377,62.2386,47,1.7358,0.0546,1.0118,1,2025-07-03T16:30:59.328664,chill,1,1,1,4,0
140.0001,0.0706,9.4306,57.0000,4.7502,0.3193,0.3070,113.8895,18.1220,56.0707,56,2.0758,0.0143,0.8653,1,2025-07-03T16:30:59.690364,chill,2,1,5,5,0
71.0000,0.0636,3.2683,0.0000,2.5895,0.9616,1.0852,64.0000,0.0000,65.1078,53,2.3534,0.0498,0.9279,1,2025-07-03T16:31:00.029399,chill,1,1,1,4,0
68.7490,0.0804,2.5736,26.0000,2.6340,0.8249,0.9151,63.9813,4.2558,63.7250,48,1.5500,0.1468,1.1659,1,2025-07-03T16:31:00.423158,chill,1,2,1,5,0
112.7576,0.0496,50.2833,113.0000,14.7788,0.1690,0.4865,70.2737,23.3652,63.3198,82,9.1048,0.0024,0.0289,16,2025-07-03T16:31:01.120350,chill,3,0,5,2,2
123.0012,0.0754,16.7376,126.0000,7.2283,0.3293,0.3455,98.4809,28.4677,46.0844,58,3.6262,0.0114,0.5576,7,2025-07-03T16:31:01.697596,chill,3,1,6,4,2
120.0000,0.0521,40.3395,92.0000,12.6949,0.3358,0.5608,93.1199,14.4304,57.5878,67,14.3266,0.0036,0.5925,15,2025-07-03T16:31:02.338192,chill,3,0,6,5,2
92.0001,0.1086,7.1659,66.0000,4.4255,0.5355,0.2983,90.2942,12.1902,59.7143,35,2.4041,0.0348,1.3207,1,2025-07-03T16:31:02.711106,chill,2,2,5,3,1
93.0000,0.0635,8.0022,0.0000,3.7409,0.4699,0.3730,80.0000,0.0000,53.4282,51,2.5502,0.0247,0.6345,2,2025-07-03T16:31:03.051820,chill,2,1,3,4,0
120.0000,0.0729,9.5885,32.0000,4.5714,0.4420,0.2769,94.7651,1.5487,45.8237,50,3.1322,0.0325,1.0202,6,2025-07-03T16:31:03.454906,chill,2,1,4,5,0
44.4000,0.0683,3.6597,16.0000,2.6375,1.0930,0.7671,48.2130,2.3425,61.3077,34,2.3166,0.2075,0.9069,1,2025-07-03T16:31:03.778203,chill,1,1,0,3,3
171.0001,0.0600,58.3759,107.0000,15.2911,0.1920,0.2224,117.0051,16.9179,60.4132,73,8.1562,0.0024,0.1800,25,2025-07-03T16:31:04.219901,chill,3,0,6,3,0
171.0001,0.0507,24.8231,123.0000,9.0661,0.2293,0.2935,90.2231,31.3497,58.1083,54,4.4005,0.0060,0.4836,16,2025-07-03T16:31:04.621390,chill,3,0,6,4,2
171.0001,0.0569,24.8000,123.0000,9.0837,0.2293,0.2936,98.0375,28.4242,58.3902,54,4.3990,0.0060,0.4839,16,2025-07-03T16:31:04.998292,chill,3,0,6,4,2
143.9999,0.0980,4.9500,27.0000,3.2849,0.5587,0.6721,89.7727,5.6241,75.2424,50,2.1212,0.0358,1.8508,1,2025-07-03T16:31:05.334866,chill,1,2,3,5,1
140.0001,0.0713,4.8435,0.0000,3.1898,0.3906,0.4484,100.0000,0.0000,69.0387,52,1.3301,0.0245,0.8991,2,2025-07-03T16:31:05.647042,chill,1,1,4,4,0
140.0001,0.0713,4.8435,0.0000,3.1898,0.3906,0.4484,100.0000,0.0000,69.0387,52,1.3301,0.0245,0.8991,2,2025-07-03T16:31:06.007636,chill,1,1,4,4,0
145.0000,0.1332,3.1719,0.0000,2.7097,1.8522,0.8719,100.0000,0.0000,65.4286,31,3.7857,0.2424,1.5496,1,2025-07-03T16:31:06.328029,chill,1,2,4,3,3
108.0001,0.0676,15.9123,0.0000,5.9091,0.2665,0.1733,110.0000,0.0000,47.8730,55,2.7426,0.0108,0.9439,10,2025-07-03T16:31:06.763865,chill,3,1,4,5,0
122.0001,0.0613,17.6826,84.0000,7.0649,0.2819,0.2459,94.2496,20.6591,47.9483,55,3.3670,0.0103,0.5240,6,2025-07-03T16:31:07.190021,chill,3,1,6,4,2
142.1801,0.0429,16.1762,108.0000,7.3748,0.4035,0.5604,108.1169,16.8857,49.8046,58,6.7430,0.0084,0.8888,5,2025-07-03T16:31:07.717502,chill,3,0,6,5,0
120.0000,0.0551,7.2589,13.0000,3.6585,0.4549,0.5413,64.0381,0.7028,57.5677,42,2.3818,0.0267,1.1064,2,2025-07-03T16:31:08.132310,chill,2,1,1,4,0
114.0013,0.0449,16.8013,112.0000,7.1607,0.2359,0.8900,73.8563,24.6094,47.3083,58,4.6228,0.0077,0.2680,7,2025-07-03T16:31:09.153212,chill,3,0,5,3,2
91.4400,0.0867,15.6831,72.0000,6.7215,0.3292,0.4000,120.2553,13.9158,47.8146,77,4.6629,0.0132,0.9440,10,2025-07-03T16:31:09.726160,chill,3,0,5,6,0
87.0000,0.0884,16.0469,113.0000,7.1038,0.2378,0.5453,88.4672,35.4279,44.5782,67,4.9827,0.1121,0.0225,10,2025-07-03T16:31:10.142850,chill,3,2,5,2,2
96.8757,0.0958,16.3418,126.0000,7.4658,0.3604,0.5009,104.1174,12.1854,51.4382,57,5.8567,0.0631,0.0322,6,2025-07-03T16:31:10.665736,chill,3,2,6,2,2
44.5902,0.1015,3.2986,75.0000,3.2604,1.1181,1.5267,40.0454,12.5888,58.2629,58,2.7454,0.0693,0.1645,2,2025-07-03T16:31:11.038235,chill,1,2,2,3,0
94.5479,0.0586,17.5079,119.0000,7.4958,0.3675,0.7469,83.5812,20.9103,54.1968,68,5.7275,0.0135,0.1975,13,2025-07-03T16:31:11.640007,chill,3,1,5,3,2
120.0000,0.0816,5.5345,0.0000,3.3743,0.3783,0.9238,110.0000,0.0000,54.5081,38,1.5278,0.0199,1.3980,2,2025-07-03T16:31:11.976406,chill,2,2,4,4,3
117.6141,0.0556,10.8462,26.0000,4.4169,0.1968,0.2335,63.6142,3.8050,52.1378,57,1.4931,0.0045,1.0981,1,2025-07-03T16:31:12.321639,chill,3,0,1,5,0
49.0000,0.0720,18.3481,27.0000,7.0877,0.3800,0.6225,112.1576,11.8949,53.2035,63,8.1525,0.0171,0.0537,13,2025-07-03T16:31:12.867607,chill,3,1,4,2,2
116.0001,0.0810,8.4090,70.0000,4.7986,0.3338,0.3492,88.9753,15.2815,61.5211,69,2.5613,0.0277,1.1825,2,2025-07-03T16:31:13.274414,chill,2,2,5,6,0
120.0000,0.0779,4.4825,0.0000,2.9539,0.2027,0.1769,80.0000,0.0000,79.1018,14,0.5000,0.0574,0.3397,1,2025-07-03T16:31:13.643485,chill,1,1,3,2,0
108.0001,0.0602,4.1478,0.0000,2.8003,0.4942,0.6524,64.0000,0.0000,66.0604,45,1.3302,0.0855,0.4123,1,2025-07-03T16:31:14.030997,chill,1,1,1,3,0
73.3334,0.0679,13.6688,95.0000,6.4425,0.4273,0.5820,97.0571,15.8078,55.3502,60,5.1415,0.0317,0.4999,6,2025-07-03T16:31:14.366663,chill,3,1,6,4,0
120.0000,0.0848,4.0531,45.0000,3.4464,0.1288,0.1189,94.6392,10.5305,64.1753,13,0.7784,0.0140,2.2601,2,2025-07-03T16:31:14.657231,chill,1,0,4,2,1
87.3105,0.0632,5.4010,43.0000,3.5451,0.5114,0.4128,76.8260,7.9666,59.8635,54,1.8605,0.0596,0.3796,1,2025-07-03T16:31:16.947299,chill,2,1,4,3,0
133.4426,0.1013,6.6479,0.0000,3.9265,0.3250,0.4757,110.0000,0.0000,60.0276,69,1.6886,0.0691,0.1740,2,2025-07-03T16:31:17.499019,chill,2,2,4,3,0
133.3608,0.0941,11.2465,72.0000,5.4504,0.2935,0.2584,86.3706,13.4743,63.5537,57,2.5629,0.0220,0.3191,1,2025-07-03T16:31:17.984010,chill,3,2,5,4,0
141.5001,0.1183,14.6009,62.0000,6.1061,0.1286,0.2569,125.9798,5.6994,61.8017,56,1.2625,0.0066,0.0683,1,2025-07-03T16:31:18.477065,chill,3,1,5,2,0
175.5413,0.1264,9.2839,83.0000,5.0801,0.4617,0.4239,79.5187,15.4312,56.5446,68,2.9593,0.0345,0.6561,1,2025-07-03T16:31:20.499611,chill,2,2,5,5,0
82.0000,0.1373,2.5112,44.0000,3.0997,0.6636,0.5132,76.0988,8.4910,71.3745,27,1.0761,0.2635,0.6818,2,2025-07-03T16:31:20.875343,chill,1,2,4,3,0
167.0002,0.0567,14.8945,109.0000,6.5555,0.1305,0.2375,80.9740,16.5940,49.7555,49,2.6669,0.0088,1.3598,4,2025-07-03T16:31:21.299809,chill,3,0,5,5,1
91.0000,0.0340,17.5905,124.0000,7.6970,0.4346,0.8185,82.6112,27.4451,57.1961,72,8.2040,0.0084,0.7003,6,2025-07-03T16:31:21.749850,chill,3,0,5,5,2
70.0001,0.2636,1.4401,0.0000,2.5315,1.3295,1.4503,100.0000,0.0000,63.5328,19,1.2445,1.1959,1.3181,3,2025-07-03T16:31:22.039336,chill,0,2,4,2,3
86.0001,0.1428,10.9740,63.0000,5.4897,0.3153,1.1489,98.6405,26.8722,42.5759,47,4.6204,0.0478,0.5740,8,2025-07-03T16:31:22.343258,chill,3,2,5,4,2
117.6667,0.0687,5.4774,25.0000,3.2021,0.3547,0.2376,56.9465,6.2777,57.8075,37,2.1578,0.0191,1.2993,1,2025-07-03T16:31:22.644837,chill,2,1,1,4,1
119.0002,0.0576,16.3959,123.0000,7.4667,0.3141,0.6292,87.5782,19.4181,54.6961,62,6.0935,0.0148,0.4005,15,2025-07-03T16:31:22.981875,chill,3,1,5,4,0
71.0000,0.0667,17.6983,59.0000,7.1661,0.6190,0.8778,111.8574,9.7048,51.6664,59,7.6858,0.0192,0.5539,7,2025-07-03T16:31:23.400310,chill,3,1,5,4,2
143.0001,0.0561,53.6714,111.0000,14.7531,0.1652,0.2110,99.8704,17.8956,58.8002,74,9.2732,0.0024,0.4744,12,2025-07-03T16:31:24.080447,chill,3,0,6,5,2
149.0002,0.0370,20.3807,102.0000,8.1472,0.3660,0.7182,100.3413,26.1952,53.3044,58,8.0888,0.0098,0.5944,7,2025-07-03T16:31:24.985164,chill,3,0,6,4,2
103.1321,0.0869,7.5767,91.0000,4.7839,0.4082,0.5119,88.5512,27.8003,60.0501,62,2.2149,0.0611,0.8165,1,2025-07-03T16:31:25.608324,chill,2,2,5,5,0
70.1740,0.1436,54.6940,98.0000,14.7914,0.1069,0.1639,57.4221,19.5053,67.5022,67,5.4095,0.0021,0.6800,13,2025-07-03T16:31:26.485682,chill,3,1,3,5,2
105.0001,0.0462,35.0201,96.0000,11.3403,0.4899,0.6723,103.9417,14.3835,48.1997,49,14.2811,0.0047,0.5407,21,2025-07-03T16:31:27.268536,chill,3,0,6,4,0
124.5448,0.0760,14.4528,60.0000,5.9454,0.3014,0.4814,70.3688,12.9085,66.8085,48,2.8121,0.0080,1.2645,1,2025-07-03T16:31:27.664995,chill,3,0,5,5,1
133.3901,0.0794,12.1263,31.0000,4.9690,0.2522,0.2497,86.2951,7.3935,59.3174,46,2.2898,0.0139,1.4789,1,2025-07-03T16:31:28.102018,chill,3,1,3,5,3
75.0000,0.0397,21.0127,123.0000,8.6772,0.6105,0.8246,97.2971,20.3883,56.1490,73,12.8114,0.0133,0.2005,11,2025-07-03T16:31:28.711239,chill,3,0,6,3,2
89.2400,0.0703,34.2777,80.0000,10.7767,0.2242,0.1325,106.0720,20.5322,41.4036,48,5.1713,0.0043,0.5889,7,2025-07-03T16:31:29.342333,chill,3,0,6,4,2
120.0000,0.0663,18.1162,50.0000,6.7626,0.3075,0.2417,85.3701,13.9787,59.8224,55,3.7258,0.0115,0.5453,4,2025-07-03T16:31:30.023027,chill,3,1,4,4,0
69.0000,0.0357,22.5585,104.0000,8.7536,0.3644,1.0481,92.0188,22.0644,53.5249,60,10.1462,0.0088,0.6862,15,2025-07-03T16:31:30.643902,chill,3,0,6,5,2
134.1430,0.0660,32.2292,47.0000,10.2145,0.2506,0.5338,101.3554,15.5171,59.5042,59,7.6178,0.0023,1.0160,13,2025-07-03T16:31:31.217947,chill,3,0,4,5,0
93.0001,0.0996,6.1240,57.0000,4.1151,0.5477,0.8770,88.4874,11.4083,48.4471,57,2.2160,0.0362,1.1733,1,2025-07-03T16:31:31.538679,chill,2,2,4,5,0
106.0001,0.0705,4.9558,60.0000,3.9285,0.6941,0.7370,97.0070,16.2356,60.4106,63,2.2277,0.0875,0.9276,1,2025-07-03T16:31:31.948010,chill,1,1,5,5,0
92.0003,0.1392,2.5106,52.0000,3.4771,1.2512,1.5702,113.3290,8.6176,57.4989,60,1.9839,0.3455,0.8507,1,2025-07-03T16:31:32.309459,chill,1,2,5,5,0
70.0000,0.0700,15.4142,0.0000,5.9595,0.4221,0.7084,90.0000,0.0000,56.2611,58,5.3805,0.0193,0.6211,10,2025-07-03T16:31:32.665731,chill,3,1,4,4,2
120.0000,0.0645,14.0052,121.0000,6.4688,0.1155,0.1536,75.9928,23.1600,71.3424,78,2.2004,0.0152,0.2060,1,2025-07-03T16:31:33.323989,chill,3,1,5,4,2
170.0005,0.0809,6.8566,39.0000,3.8759,0.5503,0.3200,76.6803,8.7217,61.3673,33,2.4048,0.0412,1.2903,1,2025-07-03T16:31:33.643971,chill,2,2,3,3,1
118.0011,0.0774,17.3676,47.0000,7.0740,0.4050,0.6405,123.1832,10.0182,48.3774,57,6.1701,0.0134,0.4195,13,2025-07-03T16:31:34.090370,chill,3,1,4,4,0
100.0000,0.0642,11.0380,82.0000,5.5205,0.2626,2.9149,86.0154,14.7064,68.5543,62,3.0774,0.0082,0.8135,12,2025-07-03T16:31:34.497176,chill,3,0,5,5,0
150.0000,0.0463,8.0322,115.0000,5.0716,0.3094,0.7893,73.5152,13.4216,59.7129,84,2.5206,0.0176,0.9459,1,2025-07-03T16:31:34.875055,chill,2,0,5,6,0
57.0001,0.0918,9.7413,113.0000,5.7195,0.6137,0.8748,101.7183,27.7844,61.7129,60,8.2881,0.2532,0.0639,10,2025-07-03T16:31:35.206764,chill,2,2,6,2,2
120.0000,0.0565,18.7759,45.0000,7.2300,0.4287,0.6613,112.0989,8.5028,52.7597,73,6.9423,0.0091,0.8944,10,2025-07-03T16:31:35.589754,chill,3,0,4,6,2
113.4630,0.0361,9.9716,116.0000,5.6352,0.6182,2.2230,68.7447,15.9069,55.9061,67,7.4380,0.0186,0.8047,8,2025-07-03T16:31:35.953010,chill,2,0,3,5,2
120.0000,0.0486,15.3215,116.0000,6.8770,0.3636,0.6598,68.9644,21.6438,53.2300,63,5.9917,0.0211,0.2620,7,2025-07-03T16:31:36.348290,chill,3,1,3,4,2
80.0000,0.0647,3.6233,97.0000,3.6741,0.6335,0.6799,57.0765,13.7510,60.0885,57,2.3186,0.0629,0.2624,1,2025-07-03T16:31:36.688579,chill,1,1,3,3,0
100.0000,0.0420,10.7925,116.0000,6.0929,0.7048,0.8592,83.7804,28.3300,55.6167,65,7.2066,0.0188,0.7790,10,2025-07-03T16:31:37.042203,chill,3,1,5,5,2
109.3999,0.1091,43.2876,0.0000,12.7871,0.1751,0.3424,127.0000,0.0000,61.8166,81,8.6247,0.0034,0.5588,14,2025-07-03T16:31:37.680661,chill,3,1,4,6,2
129.4751,0.0590,16.2882,60.0000,6.5281,0.1274,0.0789,78.4839,11.2400,62.3509,55,3.7411,0.0032,0.7732,4,2025-07-03T16:31:38.099098,chill,3,0,5,5,0
113.0001,0.0706,23.8839,0.0000,8.3080,0.4209,0.6716,110.0000,0.0000,53.0046,75,8.6310,0.0083,0.7012,14,2025-07-03T16:31:38.518656,chill,3,0,4,6,2
94.0001,0.1056,45.9092,126.0000,13.4068,0.1762,0.4128,66.3638,29.6313,54.4743,63,8.9992,0.0021,0.8021,24,2025-07-03T16:31:39.163211,chill,3,1,3,5,2
82.9990,0.0640,23.0213,98.0000,8.7737,0.2783,0.5952,121.7419,7.4084,51.1355,79,6.0624,0.0091,0.0330,10,2025-07-03T16:31:39.653648,chill,3,0,6,2,2
146.3096,0.0655,12.6725,31.0000,5.0516,0.2200,0.2748,85.7644,6.8981,60.0859,50,2.2321,0.0087,1.1523,1,2025-07-03T16:31:39.950809,chill,3,0,3,5,0
125.0000,0.0578,21.8929,0.0000,7.2699,0.1878,0.1185,95.0000,0.0000,39.9859,39,3.0578,0.0060,1.0537,4,2025-07-03T16:31:40.393001,chill,3,0,4,4,0
255.0001,0.0473,26.2449,110.0000,9.2285,0.1268,0.1215,82.7129,11.1057,66.3723,47,4.2421,0.0058,0.7708,2,2025-07-03T16:31:40.720839,chill,3,0,5,4,0
134.0001,0.1015,21.4077,61.0000,7.9882,0.3839,0.6713,118.8792,12.0185,52.3047,47,8.6750,0.0081,0.6369,11,2025-07-03T16:31:41.101953,chill,3,1,5,4,0
120.0000,0.0580,8.7407,117.0000,5.1328,0.2210,0.6867,66.0804,19.4348,65.4852,60,1.9485,0.0211,0.3767,1,2025-07-03T16:31:41.644991,chill,2,1,3,4,0
70.0002,0.0383,17.1890,103.0000,7.4064,0.3374,0.7408,101.3086,13.3134,58.8499,60,7.0227,0.0108,0.9320,7,2025-07-03T16:31:42.021906,chill,3,0,6,5,0
200.0000,0.1309,37.2435,63.0000,11.3752,0.1952,0.2168,105.3905,12.0925,65.2029,70,6.6022,0.0031,0.6418,26,2025-07-03T16:31:42.504856,chill,3,1,5,5,0
85.0000,0.0682,12.6815,0.0000,4.9972,0.4440,0.3308,80.0000,0.0000,54.7722,51,4.2246,0.0299,0.7118,4,2025-07-03T16:31:42.812031,chill,3,1,3,4,0
95.0000,0.0324,27.3343,106.0000,9.7676,0.4130,1.6828,75.8019,24.2050,54.1490,84,12.2590,0.0055,0.0184,10,2025-07-03T16:31:43.235046,chill,3,0,5,2,2
115.0000,0.2337,12.0538,74.0000,5.4794,0.0458,0.1201,78.3460,27.0214,49.9785,43,2.0116,0.0418,0.1538,6,2025-07-03T16:31:43.523732,chill,3,2,5,2,0
138.0002,0.0545,43.9333,126.0000,13.0719,0.1014,0.2384,114.5898,17.1122,51.0627,75,5.9296,0.0037,0.5026,14,2025-07-03T16:31:44.046509,chill,3,0,6,5,2
30.0000,0.0947,2.0000,0.0000,2.4733,0.8122,0.5661,64.0000,0.0000,57.3300,29,1.2685,0.1638,1.3177,2,2025-07-03T16:31:44.382008,chill,1,2,1,3,3
87.1667,0.0695,18.1067,34.0000,6.5986,0.3164,0.6737,81.5792,6.5096,65.6293,64,5.0012,0.0121,0.6426,9,2025-07-03T16:31:44.791328,chill,3,1,3,5,2
76.0004,0.0565,17.1748,66.0000,6.8908,0.2906,0.3287,84.9684,15.6954,60.6097,55,5.2433,0.0085,0.8002,4,2025-07-03T16:31:45.158501,chill,3,0,5,5,0
170.0001,0.0561,25.8136,82.0000,8.5016,0.1860,0.1501,83.3388,18.3883,65.7789,74,3.5174,0.0046,0.7706,4,2025-07-03T16:31:45.524839,chill,3,0,5,6,0
87.0000,0.1073,8.7879,58.0000,4.5290,0.3729,0.1874,118.6678,18.2333,46.9693,37,2.2140,0.0275,1.1795,7,2025-07-03T16:31:45.945945,chill,2,2,5,4,2
115.0000,0.0572,30.6029,92.0000,10.0967,0.1878,0.2460,105.7603,19.3750,49.9302,74,5.7037,0.0062,0.5697,9,2025-07-03T16:31:46.557980,chill,3,0,6,6,2
114.0002,0.0675,7.8989,0.0000,3.7604,0.4062,5.1035,64.0000,0.0000,63.2744,70,4.1208,0.0109,0.3967,8,2025-07-03T16:31:46.946274,chill,2,1,1,4,0
68.9759,0.0417,2.8343,126.0000,3.9111,0.2844,0.5805,74.1209,15.0743,59.5848,60,5.3401,0.0085,0.8605,10,2025-07-03T16:31:47.365601,chill,1,0,5,5,2
150.0000,0.0607,8.9367,36.0000,4.4051,0.5296,0.2482,88.4402,7.3132,59.7638,40,3.0131,0.0301,1.1402,1,2025-07-03T16:31:47.685104,chill,2,1,3,4,0
110.0009,0.0378,14.0716,107.0000,6.7242,0.5726,0.7246,83.0919,20.6768,50.8828,60,8.5924,0.0147,0.6996,6,2025-07-03T16:31:48.020518,chill,3,0,5,5,2
116.5005,0.0367,30.5483,124.0000,10.2920,0.2071,0.5244,96.3538,17.5996,61.4781,66,7.5833,0.0053,0.4514,10,2025-07-03T16:31:48.478705,chill,3,0,6,4,2
137.0019,0.0561,21.3921,116.0000,8.2177,0.1846,0.4164,68.7065,27.4675,53.6984,64,5.2008,0.0096,0.0252,17,2025-07-03T16:31:50.841090,chill,3,0,3,2,2
88.0000,0.0453,29.6518,90.0000,9.9477,0.2118,0.3453,103.1740,20.0210,53.0926,60,7.0322,0.0070,0.0286,11,2025-07-03T16:31:51.333461,chill,3,0,6,2,2
87.0000,0.0655,27.6971,94.0000,9.5749,0.2524,0.2856,88.1764,16.1424,56.7666,56,6.0475,0.0154,0.0178,11,2025-07-03T16:31:51.810180,chill,3,1,5,1,2
121.0019,0.1176,23.0813,95.0000,8.5587,0.0906,0.0790,111.5026,20.3415,54.4752,49,2.5803,0.0021,0.9370,4,2025-07-03T16:31:52.164370,chill,3,1,6,4,0
100.0000,0.0803,10.8259,0.0000,4.3945,0.2187,0.2742,95.0000,0.0000,55.9845,50,1.5159,0.0128,0.0612,4,2025-07-03T16:31:52.561470,chill,3,0,4,2,0
120.0000,0.0874,7.9184,48.0000,4.0683,0.2191,0.1092,78.4227,22.8233,68.5464,57,1.0567,0.0114,1.1273,2,2025-07-03T16:31:52.843097,chill,2,0,4,5,2
140.0001,0.1435,5.8333,27.0000,3.5144,0.2143,0.0000,121.6000,10.8000,58.7250,44,0.7000,0.0074,0.9568,2,2025-07-03T16:31:53.145757,chill,2,1,4,4,0
