tempo,swing,density,dynamic_range,energy,mean_note_length,std_note_length,velocity_mean,velocity_std,pitch_mean,pitch_range,avg_polyphony,syncopation,onset_entropy,instrument_count,mood,timing_feel,rhythmic_density,dynamic_intensity,fill_activity,fx_character,timestamp
126.0001,0.5009,19.1159,82.0000,7.4410,0.2255,0.2478,94.1486,20.3614,62.3922,53,5.1707,0.0154,0.6206,10,chill,1,3,0,6,0,2025-07-02T21:31:28.680364
109.5167,0.0884,14.4172,117.0000,6.6590,0.2084,0.8545,93.8228,23.7183,70.0618,80,2.1064,0.0184,0.1436,4,chill,1,3,0,6,0,2025-07-02T21:31:28.863902
140.0001,0.0323,20.1914,124.0000,7.4238,0.2706,0.4648,29.9242,46.2750,52.5379,35,5.2509,0.0067,1.0276,3,chill,1,3,0,6,0,2025-07-02T21:31:28.894191
72.7907,0.0325,15.4110,110.0000,7.1257,0.5160,0.7213,83.2292,16.9192,57.5252,60,8.0163,0.0209,0.3569,15,chill,1,3,0,6,0,2025-07-02T21:31:29.119582
122.0008,0.0694,26.1692,117.0000,9.7234,0.3118,0.6915,99.5097,28.1278,50.0645,40,8.7789,0.0054,0.6638,5,chill,1,3,0,6,0,2025-07-02T21:31:29.172004
168.9998,0.0626,25.6328,27.0000,8.6229,0.2705,0.5707,126.9036,1.1548,49.8843,70,6.7528,0.0053,0.6660,9,chill,1,3,0,6,0,2025-07-02T21:31:29.417276
83.4448,0.0015,16.8031,111.0000,7.2718,0.3145,0.5620,78.4585,22.5152,56.1555,60,6.8017,0.0147,0.6637,6,chill,1,3,0,6,0,2025-07-02T21:31:29.539875
140.0001,0.0725,11.8754,0.0000,4.7779,0.2673,1.0059,99.0000,0.0000,58.4578,51,3.2760,0.0121,0.6259,5,chill,1,3,0,6,0,2025-07-02T21:31:29.578363
132.6494,0.0029,36.4095,126.0000,11.9659,0.2248,0.4703,103.8033,24.0354,56.2903,62,7.9957,0.0033,0.2720,16,chill,0,3,0,6,0,2025-07-02T21:31:29.891773
132.9999,0.0075,36.9784,110.0000,11.5376,0.1965,0.7156,77.0911,27.2114,60.5925,75,7.8470,0.0023,0.6555,18,chill,0,3,0,6,0,2025-07-02T21:31:30.144726
137.9999,0.0645,2.3000,0.0000,2.5672,0.2129,0.0000,99.0000,0.0000,48.2353,36,0.6618,0.1607,1.2905,2,chill,1,1,0,6,0,2025-07-02T21:31:30.168987
140.0001,0.0156,9.0417,1.0000,4.1456,0.3066,0.5782,100.3871,0.4871,55.0565,55,2.4032,0.0107,1.4265,4,chill,1,2,0,6,0,2025-07-02T21:31:30.196805
136.0001,0.0092,21.4233,114.0000,8.5341,0.3198,0.4747,108.9568,21.9338,47.1410,51,5.3760,0.0081,0.5786,8,chill,0,3,0,6,0,2025-07-02T21:31:30.357704
77.0000,0.0165,16.6065,109.0000,7.4343,0.4541,0.6745,91.0749,15.7339,55.1676,63,7.7145,0.0109,0.9341,7,chill,1,3,0,6,0,2025-07-02T21:31:30.440496
98.4044,0.0025,7.5013,31.0000,3.6635,0.2791,0.1739,62.0653,6.7467,57.4337,52,1.4644,0.0223,1.3121,1,chill,1,2,0,6,0,2025-07-02T21:31:30.481890
86.6909,0.0281,3.4991,21.0000,2.7061,0.5887,0.5260,63.7879,5.0857,63.0101,36,1.2879,0.0945,1.1751,1,chill,1,1,0,6,0,2025-07-02T21:31:30.513485
130.0001,0.0803,9.1626,31.0000,4.0100,0.2081,0.2309,62.5426,5.4362,49.8278,38,1.3887,0.0053,1.1794,1,chill,1,2,0,6,0,2025-07-02T21:31:30.554953
230.0005,0.1641,4.9084,17.0000,3.1435,0.3709,0.1781,80.5385,7.8507,55.8671,45,1.1503,0.0378,1.0263,1,chill,2,1,0,6,0,2025-07-02T21:31:30.600433
91.0001,0.0070,29.8599,79.0000,9.6177,0.1868,0.4017,83.0646,21.3497,53.9201,51,6.5188,0.0035,0.6671,8,chill,0,3,0,6,0,2025-07-02T21:31:30.855058
129.0017,0.0392,36.4843,126.0000,12.0333,0.2415,0.5039,104.4872,25.3490,56.4830,81,8.5299,0.0030,0.5660,20,chill,1,3,0,6,0,2025-07-02T21:31:31.215276
129.0017,0.0278,36.2705,87.0000,11.6233,0.2412,0.5789,112.1232,18.4641,56.0813,68,9.0697,0.0041,0.5614,20,chill,0,3,0,6,0,2025-07-02T21:31:31.478068
129.0017,0.0719,41.5222,108.0000,12.9185,0.2233,0.4516,107.3161,21.3108,57.7380,67,8.9147,0.0031,0.5714,22,chill,1,3,0,6,0,2025-07-02T21:31:31.897604
127.0003,0.0221,50.6302,89.0000,14.5265,0.1923,0.4339,103.9749,23.5965,59.7272,66,8.8320,0.0019,0.4538,24,chill,0,3,0,6,0,2025-07-02T21:31:32.530299
120.0000,0.0077,3.5374,45.0000,3.1264,0.5089,0.2562,73.3538,16.4695,62.5808,28,1.1038,0.0561,1.2019,2,chill,1,1,0,5,0,2025-07-02T21:31:32.570077
77.0001,0.0542,14.2685,89.0000,6.6640,0.4841,0.9110,90.7763,30.8827,51.5728,55,7.4593,0.0108,0.7448,12,chill,1,3,0,6,0,2025-07-02T21:31:32.650481
91.0000,0.0298,16.2513,110.0000,7.2858,0.4930,0.7285,82.3912,25.7365,71.3948,77,7.9555,0.0098,1.0131,13,chill,0,3,0,6,0,2025-07-02T21:31:32.887909
216.0006,0.0401,34.2332,93.0000,10.9357,0.1798,0.1388,107.7858,37.6528,62.3762,56,5.5411,0.0046,0.4629,8,chill,1,3,0,6,0,2025-07-02T21:31:33.030945
177.0235,0.0937,17.0473,0.0000,5.8211,0.3631,0.5353,80.0000,0.0000,63.1331,53,5.7088,0.0173,0.4075,10,chill,1,3,0,6,0,2025-07-02T21:31:33.146805
110.0001,0.0464,17.9375,10.0000,6.3526,0.2167,0.1633,118.3956,3.0894,51.9008,46,2.5611,0.0045,0.9589,7,chill,1,3,0,6,0,2025-07-02T21:31:33.278348
135.0001,0.1714,27.7884,97.0000,9.5369,0.1512,0.3112,106.3002,26.9541,51.0690,67,4.4685,0.0036,0.7886,11,chill,1,3,0,6,0,2025-07-02T21:31:33.605768
100.0000,0.0210,20.1016,115.0000,8.1087,0.5817,0.6545,62.0841,18.5636,58.3031,46,10.4747,0.0082,0.5904,9,chill,0,3,0,6,0,2025-07-02T21:31:33.816886
126.0001,0.1061,5.4546,30.0000,3.3678,0.4320,0.3374,71.5357,10.7802,67.0482,53,1.8071,0.0340,1.4126,2,chill,2,2,0,6,0,2025-07-02T21:31:34.009921
140.0001,0.0000,9.3333,0.0000,3.7883,0.1071,0.0000,80.0000,0.0000,57.3594,45,0.5000,0.0000,1.5933,1,chill,0,2,0,6,0,2025-07-02T21:31:34.048369
68.5775,0.0000,1.8093,21.0000,2.1857,0.8016,0.7191,48.0732,2.9083,67.9122,50,1.6024,0.0875,0.9091,1,chill,1,0,0,6,0,2025-07-02T21:31:34.091910
102.0001,0.0007,24.3080,114.0000,8.8230,0.2719,0.9147,71.5821,32.7217,54.9734,74,7.1799,0.0059,0.8197,11,chill,0,3,0,6,0,2025-07-02T21:31:34.334579
140.0001,0.2500,5.7604,0.0000,3.6525,1.1392,1.1809,100.0000,0.0000,74.2152,52,4.9810,0.0472,1.6392,1,chill,2,2,0,6,0,2025-07-02T21:31:34.499880
126.0001,0.0522,60.6960,104.0000,16.6953,0.1554,0.2663,77.5038,19.8173,54.6572,60,11.2977,0.0023,0.3197,11,chill,1,3,0,6,0,2025-07-02T21:31:35.013609
60.6667,0.0052,13.5611,107.0000,6.8392,0.7810,1.0903,75.3500,18.9426,58.0715,60,10.9124,0.0139,0.5583,12,chill,1,3,0,6,0,2025-07-02T21:31:35.126054
132.0004,0.0232,6.6750,88.0000,4.6509,0.5646,0.5560,89.8976,18.6472,58.7865,69,2.4763,0.0398,1.0363,1,chill,1,2,0,6,0,2025-07-02T21:31:35.221993
134.0001,0.0289,21.2365,126.0000,8.4619,0.2333,0.5167,90.4917,21.0952,59.9521,69,5.8576,0.0073,0.4393,12,chill,0,3,0,6,0,2025-07-02T21:31:35.431444
139.6145,0.0190,13.4390,99.0000,6.3489,0.3114,0.2570,96.6683,20.4920,63.8053,77,3.2302,0.0132,0.8386,1,chill,1,3,0,6,0,2025-07-02T21:31:35.588070
139.6145,0.0190,13.4390,99.0000,6.3489,0.3114,0.2570,96.6683,20.4920,63.8053,77,3.2302,0.0132,0.8386,1,chill,1,3,0,6,0,2025-07-02T21:31:35.767112
104.2106,0.3224,6.2745,51.0000,3.9333,0.6259,0.7406,77.4535,8.8106,60.4376,84,2.4319,0.1444,0.2900,1,chill,2,2,0,6,0,2025-07-02T21:31:35.865841
126.0001,1.0000,16.8000,20.0000,5.9781,0.2381,0.0000,100.4688,2.8116,72.6172,24,2.0000,0.0105,0.8714,1,chill,1,3,0,4,0,2025-07-02T21:31:35.899520
124.0000,0.0141,41.9891,119.0000,12.8000,0.2120,0.2178,94.1993,22.2314,57.4064,48,6.4941,0.0038,0.5322,15,chill,0,3,0,6,0,2025-07-02T21:31:36.405732
123.0000,0.0367,25.0434,114.0000,9.0236,0.2757,0.2711,83.1598,25.5469,54.2759,51,6.0066,0.0056,0.6954,8,chill,1,3,0,6,0,2025-07-02T21:31:36.653896
138.0599,0.0594,1.2223,2.0000,2.3947,0.7110,0.6546,99.9020,0.6932,81.1765,12,0.8529,0.7748,1.2607,1,chill,1,0,0,2,0,2025-07-02T21:31:36.697851
145.0025,0.0234,25.8117,113.0000,8.9055,0.1824,0.2374,66.2777,20.0593,56.0250,70,5.2941,0.0047,0.6735,4,chill,0,3,0,6,0,2025-07-02T21:31:37.250820
120.0000,0.0018,39.0685,114.0000,11.9460,0.2310,0.4610,71.6746,21.1034,56.8799,51,7.6902,0.0029,0.5296,7,chill,0,3,0,6,0,2025-07-02T21:31:37.516609
106.0014,0.0340,23.2070,95.0000,8.3361,0.2161,0.1337,91.4148,23.3336,43.9130,68,4.0278,0.0085,0.1044,16,chill,1,3,0,6,0,2025-07-02T21:31:37.745369
68.0001,0.0819,3.4995,5.0000,2.5509,0.6682,0.5268,64.8523,1.8802,77.6250,46,1.7557,0.0390,1.3874,1,chill,1,1,0,6,0,2025-07-02T21:31:37.784507
91.6676,0.0605,24.8553,112.0000,8.8235,0.1763,0.3556,78.6992,17.1061,61.2156,89,5.0202,0.0058,0.9975,11,chill,1,3,0,6,0,2025-07-02T21:31:37.967367
240.0000,0.1372,7.5114,0.0000,3.6603,0.1478,0.0564,100.0000,0.0000,59.3765,17,0.5769,0.0036,1.0625,1,chill,1,2,0,3,0,2025-07-02T21:31:38.010028
89.2391,0.0048,8.4951,14.0000,3.6671,0.2039,0.1837,60.8390,5.6971,66.0416,55,1.8403,0.0227,0.9892,1,chill,1,2,0,6,0,2025-07-02T21:31:38.066204
132.9999,0.0458,10.5275,0.0000,4.3273,0.1671,0.0683,99.0000,0.0000,54.4056,47,1.1904,0.0067,1.4656,3,chill,1,3,0,6,0,2025-07-02T21:31:38.116683
89.9999,0.0080,3.8886,0.0000,2.8597,1.0909,1.1712,80.0000,0.0000,59.3806,65,3.0585,0.1483,0.7884,8,chill,1,1,0,6,0,2025-07-02T21:31:38.183079
88.1231,0.0542,31.4756,106.0000,10.8804,0.4097,0.9977,101.0895,26.9576,56.3261,82,10.8965,0.0065,0.0883,18,chill,1,3,0,6,0,2025-07-02T21:31:38.420835
154.9999,0.1174,24.0284,119.0000,8.7526,0.1407,0.2973,88.0153,20.5840,51.2277,53,3.7488,0.0049,0.6791,8,chill,1,3,0,6,0,2025-07-02T21:31:38.482880
103.9000,0.3257,36.4688,101.0000,11.4450,0.2153,0.4282,82.5474,20.4380,56.4078,85,8.6201,0.0061,0.4983,18,chill,1,3,0,6,0,2025-07-02T21:31:38.767869
165.0002,0.0233,8.1463,0.0000,3.5167,0.4135,0.3998,64.0000,0.0000,59.7674,41,2.6295,0.0191,1.2071,6,chill,1,2,0,6,0,2025-07-02T21:31:38.846918
74.0001,0.1228,12.2628,64.0000,5.7386,0.4677,0.9292,85.8243,13.4499,56.6656,53,5.9405,0.0248,0.7622,6,chill,2,3,0,6,0,2025-07-02T21:31:39.004070
68.5001,0.0097,13.9463,77.0000,6.4010,0.5107,0.4644,96.3512,16.3365,54.5831,67,6.1109,0.0150,0.7598,8,chill,1,3,0,6,0,2025-07-02T21:31:39.196010
89.8422,0.0858,16.3686,66.0000,6.9079,0.4508,0.4238,106.1405,10.3777,51.6195,67,6.3926,0.0094,1.0544,6,chill,1,3,0,6,0,2025-07-02T21:31:39.325931
132.7077,0.0967,7.9017,103.0000,4.7558,0.3398,0.5205,64.6530,15.7302,62.3833,65,2.0564,0.0738,0.1272,5,chill,1,2,0,6,0,2025-07-02T21:31:39.815918
138.2089,0.0470,10.0893,103.0000,5.2619,0.2719,0.3983,68.8192,19.9473,62.5671,72,2.0358,0.0445,0.0483,5,chill,1,3,0,6,0,2025-07-02T21:31:40.556359
124.0005,0.0388,9.6590,53.0000,4.5247,0.4815,0.1005,65.2297,16.2640,59.1261,24,2.5495,0.0439,0.8867,2,chill,1,2,0,4,0,2025-07-02T21:31:40.609465
120.0000,0.0238,35.0741,57.0000,10.5787,0.1087,0.0968,110.5083,14.7472,58.8064,48,4.2909,0.0043,0.5431,5,chill,0,3,0,6,0,2025-07-02T21:31:40.678202
55.0000,0.0118,12.0924,95.0000,5.7899,0.4979,0.9541,50.9119,16.1127,52.9885,71,7.3727,0.0244,0.1213,10,chill,1,3,0,6,0,2025-07-02T21:31:40.841316
114.0013,0.0232,37.9676,99.0000,11.9621,0.2322,0.4802,100.7373,20.9991,58.4366,65,8.6977,0.0031,0.6580,10,chill,0,3,0,6,0,2025-07-02T21:31:41.207744
140.1768,0.0021,14.3997,90.0000,6.3088,0.3761,0.3106,79.3875,12.5140,52.6192,49,4.3138,0.0119,1.0017,4,chill,1,3,0,6,0,2025-07-02T21:31:41.439722
200.0000,0.0580,17.7451,47.0000,6.7051,0.2507,0.2779,105.5436,11.4705,48.6096,40,3.4653,0.0149,0.0384,5,chill,1,3,0,6,0,2025-07-02T21:31:41.574248
118.9999,0.0350,10.8096,108.0000,6.1132,0.7574,0.7471,83.3900,10.4799,53.7966,67,7.6671,0.0143,1.2037,12,chill,1,3,0,6,0,2025-07-02T21:31:41.753691
120.0000,0.2955,2.4056,10.0000,2.8163,0.3690,0.2610,107.1362,4.5207,52.7840,23,0.6362,0.0974,1.4410,1,chill,2,1,0,4,0,2025-07-02T21:31:41.796486
163.1430,0.0958,33.1220,126.0000,10.7702,0.1283,0.2490,84.1758,26.2259,48.2817,48,4.6927,0.0037,0.7281,10,chill,1,3,0,6,0,2025-07-02T21:31:42.285520
170.0003,0.0190,14.9421,67.0000,6.5161,0.2536,0.4250,114.0366,6.4456,50.3862,67,3.8785,0.0121,1.1560,8,chill,1,3,0,6,0,2025-07-02T21:31:42.719498
117.6319,0.0612,9.0630,86.0000,5.0863,0.3856,0.2942,88.3107,16.7613,58.9811,69,2.2584,0.0201,1.0454,2,chill,1,2,0,6,0,2025-07-02T21:31:42.794589
160.0000,0.1333,26.0583,31.0000,8.4017,0.3321,0.2223,100.9393,9.8890,49.0529,46,6.2323,0.0059,0.5570,4,chill,1,3,0,6,0,2025-07-02T21:31:42.874658
192.0000,0.0272,11.7670,91.0000,5.9165,0.2125,0.2380,107.9163,6.5247,47.4267,52,1.7695,0.0112,1.0275,13,chill,1,3,0,6,0,2025-07-02T21:31:43.126607
165.0002,0.0212,14.2273,89.0000,6.2644,0.1278,0.1749,96.8604,10.8670,64.3790,69,1.7228,0.0051,0.9516,1,chill,0,3,0,6,0,2025-07-02T21:31:43.229231
73.0481,0.0122,11.2213,113.0000,6.2869,0.4195,1.2723,94.6492,20.7385,54.2737,57,6.2475,0.0198,0.6030,15,chill,1,3,0,6,0,2025-07-02T21:31:43.488827
103.3334,0.0813,18.0070,126.0000,8.0428,0.4610,0.7327,93.3465,19.1409,57.3241,84,8.5636,0.0152,0.3979,13,chill,1,3,0,6,0,2025-07-02T21:31:43.721171
60.0000,0.0417,13.9930,0.0000,6.0494,0.6750,0.8957,127.0000,0.0000,60.3244,91,9.2513,0.0283,0.0213,9,chill,1,3,0,6,0,2025-07-02T21:31:43.910267
170.0001,0.0507,25.4224,16.0000,8.1885,0.1488,0.1248,126.9939,0.3125,49.5649,52,3.6775,0.0050,0.9310,4,chill,1,3,0,6,0,2025-07-02T21:31:44.048525
120.0000,0.0345,32.1441,76.0000,10.1132,0.1195,0.1522,100.8101,22.5818,55.1084,62,4.5391,0.0040,0.6361,8,chill,1,3,0,6,0,2025-07-02T21:31:44.318369
130.0024,0.0161,12.3278,109.0000,6.0035,0.1289,0.1235,84.5715,14.7992,59.2334,64,2.0758,0.0100,1.1569,1,chill,1,3,0,6,0,2025-07-02T21:31:44.460547
131.0015,0.0539,22.3705,93.0000,7.8558,0.0870,0.1427,73.8613,25.4319,54.9297,54,3.2397,0.0060,0.5968,6,chill,1,3,0,6,0,2025-07-02T21:31:44.602811
80.0000,0.0712,2.7778,25.0000,2.5005,0.7125,0.3149,56.2200,5.7777,63.4600,29,1.1200,0.0999,1.3499,1,chill,1,1,0,5,0,2025-07-02T21:31:44.642187
150.0000,0.0333,5.0000,0.0000,3.3545,1.0141,0.8212,100.0000,0.0000,61.0938,29,3.2656,0.1263,1.3766,1,chill,1,2,0,5,0,2025-07-02T21:31:44.675400
102.0018,0.0154,22.5645,126.0000,9.0023,0.3303,0.6210,92.5027,28.9040,56.5765,68,8.7950,0.0083,0.8600,9,chill,0,3,0,6,0,2025-07-02T21:31:44.896488
74.0000,0.1286,15.7143,102.0000,7.1479,0.3986,0.7157,93.2227,27.4526,52.5964,56,7.2673,0.0152,0.7051,8,chill,1,3,0,6,0,2025-07-02T21:31:45.077025
100.0000,0.0031,5.4280,98.0000,4.2765,0.4531,0.3543,69.4269,15.6250,56.8812,72,2.5824,0.0440,1.0558,1,chill,1,2,0,6,0,2025-07-02T21:31:45.177532
81.0001,0.0416,11.1255,116.0000,6.1565,0.6988,0.6583,74.4511,21.4547,57.3540,62,7.4712,0.0240,0.8787,8,chill,1,3,0,6,0,2025-07-02T21:31:45.329976
137.0001,0.4231,5.6814,0.0000,3.2978,0.1580,0.1098,100.0000,0.0000,52.8354,22,0.8165,0.0105,1.4213,2,chill,1,2,0,4,0,2025-07-02T21:31:45.371095
166.0183,0.0107,20.3954,82.0000,8.0571,0.4166,0.6134,95.4804,17.3447,57.7548,50,9.2680,0.0078,0.6467,9,chill,0,3,0,6,0,2025-07-02T21:31:45.545739
80.6258,0.0014,8.6903,20.0000,4.1838,0.3254,0.4220,92.8044,4.1851,67.2266,48,1.9069,0.0460,0.1260,3,chill,1,2,0,6,0,2025-07-02T21:31:45.797014
120.0000,0.0413,8.2159,0.0000,4.2236,0.3095,0.3840,127.0000,0.0000,63.1919,48,1.6133,0.0483,0.0450,12,chill,1,2,0,6,0,2025-07-02T21:31:45.927366
83.6000,0.0052,27.5118,126.0000,9.7185,0.2377,0.3398,81.9841,24.4200,55.6792,63,6.4928,0.0036,0.3386,13,chill,0,3,0,6,0,2025-07-02T21:31:46.377432
66.6668,0.0234,8.9085,112.0000,5.5370,0.6029,0.8373,89.1151,28.0306,56.9937,56,3.9542,0.0233,1.2865,1,chill,1,2,0,6,0,2025-07-02T21:31:46.484550
51.7143,0.0479,5.8057,75.0000,4.7554,1.0140,0.9265,102.1031,21.6158,60.5417,58,6.2144,0.0432,0.9305,9,chill,1,2,0,6,0,2025-07-02T21:31:46.571503
140.0001,1.0000,4.9885,0.0000,3.1642,0.2281,0.0757,100.0000,0.0000,53.8710,38,0.9516,0.0335,1.7015,1,chill,2,1,0,6,0,2025-07-02T21:31:46.609600
140.0001,0.8130,2.8857,0.0000,2.7495,0.9040,0.7969,100.0000,0.0000,64.6875,48,1.2500,0.4000,0.9556,2,chill,2,1,0,6,0,2025-07-02T21:31:46.649353
120.0000,0.0159,8.6954,0.0000,4.3666,0.5691,0.9481,115.0000,0.0000,53.8129,33,3.9604,0.0107,1.3240,2,chill,1,2,0,6,0,2025-07-02T21:31:46.690735
140.0001,0.6682,4.8854,0.0000,3.1472,0.3422,0.4699,100.0000,0.0000,63.0448,34,1.0075,0.1311,1.1628,1,chill,2,1,0,6,0,2025-07-02T21:31:46.724858
85.0003,0.0565,5.9971,113.0000,4.5553,0.3445,0.3188,67.3306,20.2766,62.6294,76,2.4879,0.0639,1.2490,1,chill,1,2,0,6,0,2025-07-02T21:31:46.801944
137.7518,0.0501,28.5842,100.0000,9.8217,0.2770,0.6147,88.9368,23.5769,55.9342,58,8.0846,0.0055,0.7800,13,chill,1,3,0,6,0,2025-07-02T21:31:47.039064
72.0000,0.0475,5.4885,41.0000,3.9233,0.5858,0.4671,102.4229,14.9170,60.3432,55,2.1353,0.0341,1.1199,6,chill,1,2,0,6,0,2025-07-02T21:31:47.094320
132.0001,0.3588,56.2677,0.0000,14.7137,0.1338,0.0974,127.0000,0.0000,62.2788,64,7.2994,0.0035,0.4398,9,chill,1,3,0,6,0,2025-07-02T21:31:47.345476
110.0001,0.0552,9.9774,30.0000,4.5741,0.4658,0.3961,81.4744,6.4853,63.6104,62,3.5329,0.0353,0.4193,3,chill,1,2,0,6,0,2025-07-02T21:31:47.471613
96.0000,0.0682,4.1790,76.0000,4.0734,1.1978,0.8523,86.8085,15.9242,64.5372,51,4.1543,0.0672,1.4455,1,chill,1,1,0,6,0,2025-07-02T21:31:47.516126
210.0032,0.0207,17.8254,95.0000,7.4215,0.3713,0.3996,98.7429,33.8726,65.5612,84,5.4869,0.0156,0.2733,10,chill,1,3,0,6,0,2025-07-02T21:31:49.290920
165.0002,0.0017,6.3679,16.0000,3.3288,0.4945,0.5242,64.0136,0.4668,64.3952,57,2.3433,0.0301,0.5405,2,chill,1,2,0,6,0,2025-07-02T21:31:49.377377
140.0001,0.2353,3.1354,0.0000,2.2611,0.2098,0.0000,61.0000,0.0000,71.2558,10,0.5000,0.0222,1.4098,1,chill,2,1,0,2,0,2025-07-02T21:31:49.416413
120.0000,0.0321,3.3333,36.0000,3.3042,0.6906,0.5833,95.2000,12.2376,62.1250,43,1.9375,0.1771,1.1796,3,chill,1,1,0,6,0,2025-07-02T21:31:49.467911
132.4578,0.0063,7.8437,26.0000,3.7783,0.4327,0.4641,58.5753,6.9726,57.3087,55,3.3209,0.0188,0.8209,1,chill,1,2,0,6,0,2025-07-02T21:31:49.575461
118.1403,0.2131,10.5382,27.0000,4.2608,0.2390,0.2065,61.1213,6.8263,60.6716,60,1.7929,0.0095,1.1496,1,chill,1,3,0,6,0,2025-07-02T21:31:49.632829
120.0000,0.0218,6.4548,104.0000,4.5660,0.3328,0.3115,70.7091,14.7119,59.8413,60,2.3612,0.0415,1.3226,1,chill,1,2,0,6,0,2025-07-02T21:31:49.693531
85.0003,0.1210,12.1707,77.0000,5.5335,0.4944,0.3864,54.5846,17.6669,54.0383,41,6.3173,0.0256,0.9482,10,chill,2,3,0,6,0,2025-07-02T21:31:49.796199
104.0000,0.0034,26.5042,126.0000,9.6282,0.2919,0.3224,79.8716,32.9270,54.6828,45,8.2902,0.0067,0.6081,5,chill,0,3,0,6,0,2025-07-02T21:31:50.144476
173.0004,0.0379,24.3133,126.0000,8.9542,0.2737,0.3199,74.8082,39.4880,55.5371,56,6.3878,0.0077,0.8318,9,chill,1,3,0,6,0,2025-07-02T21:31:50.273556
120.9002,0.0069,24.8020,90.0000,8.9341,0.1869,0.5295,106.2346,29.4016,51.2110,69,5.8424,0.0047,0.7026,6,chill,0,3,0,6,0,2025-07-02T21:31:50.496419
98.3085,0.1352,30.9250,66.0000,9.8593,0.2447,0.2804,105.4125,14.4291,57.7037,53,5.4373,0.0038,0.6474,8,chill,1,3,0,6,0,2025-07-02T21:31:50.723409
60.0000,0.1120,11.4555,108.0000,6.2133,0.7163,0.6641,90.4360,23.0847,58.4661,55,6.1725,0.0242,0.1143,8,chill,2,3,0,6,0,2025-07-02T21:31:50.834955
165.3280,0.0738,9.6107,121.0000,5.5687,0.2068,0.3404,81.6746,20.8769,65.0283,75,2.2366,0.0382,0.0972,4,chill,1,2,0,6,0,2025-07-02T21:31:51.165800
80.5000,0.0433,19.2112,101.0000,7.9145,0.5311,0.6812,78.3339,14.9735,54.4523,64,10.1343,0.0152,0.5135,12,chill,1,3,0,6,0,2025-07-02T21:31:51.319487
72.3333,0.1414,20.6805,126.0000,8.6551,0.5472,1.2030,74.3692,23.3501,47.4453,67,12.1071,0.0082,0.0496,13,chill,1,3,0,6,0,2025-07-02T21:31:51.574024
71.2383,0.0367,42.2830,126.0000,13.4107,0.3665,0.9005,60.0926,37.8418,48.7711,63,17.3141,0.0033,0.3466,12,chill,1,3,0,6,0,2025-07-02T21:31:52.042329
120.0000,0.1288,5.9362,106.0000,4.1401,0.3240,0.3483,43.0349,20.1959,63.9928,57,2.3244,0.0314,0.6029,1,chill,2,2,0,6,0,2025-07-02T21:31:52.118487
120.0000,0.2086,1.9883,66.0000,3.3792,0.4883,0.4566,101.7638,15.3991,66.0472,19,0.5591,0.2917,1.2522,1,chill,2,0,0,3,0,2025-07-02T21:31:52.161241
107.9999,0.0512,20.3435,72.0000,7.5386,0.3230,0.5671,75.2954,22.7999,53.6908,66,7.6618,0.0120,0.6116,5,chill,1,3,0,6,0,2025-07-02T21:31:52.291436
140.0001,0.1387,12.1002,0.0000,4.6933,0.1763,0.3067,99.0000,0.0000,57.0723,38,1.6566,0.0040,1.4177,3,chill,1,3,0,6,0,2025-07-02T21:31:52.332796
131.0015,0.0112,22.9848,107.0000,8.6773,0.4031,0.4669,78.1323,16.8826,56.3034,60,8.9074,0.0090,0.7703,12,chill,0,3,0,6,0,2025-07-02T21:31:52.536001
135.0001,0.2286,8.6456,10.0000,3.5577,0.3945,0.2449,44.1870,3.3138,73.1382,55,3.2642,0.0334,1.1011,1,chill,2,2,0,6,0,2025-07-02T21:31:52.566877
69.0000,0.0226,24.6901,98.0000,8.5858,0.3648,0.5485,59.7598,23.1833,49.5102,57,7.6106,0.0051,0.7553,15,chill,0,3,0,6,0,2025-07-02T21:31:52.788864
135.0001,0.1233,13.5495,77.0000,6.3407,0.6036,0.7179,92.2873,11.3392,54.7848,55,7.0038,0.0252,0.6407,3,chill,2,3,0,6,0,2025-07-02T21:31:52.912012
61.9005,0.0194,33.6276,101.0000,10.9708,0.2717,0.4920,84.8135,19.0211,58.9134,62,9.7391,0.0061,0.1622,12,chill,0,3,0,6,0,2025-07-02T21:31:53.285571
80.7700,0.0482,16.3007,104.0000,7.4672,0.4822,0.4282,83.9656,23.7363,58.1912,63,10.7761,0.0145,0.7165,8,chill,1,3,0,6,0,2025-07-02T21:31:53.451140
138.0008,0.0186,58.8857,117.0000,15.9350,0.0697,0.0727,71.5165,26.9618,50.6021,55,5.4285,0.0015,0.4370,16,chill,0,3,0,6,0,2025-07-02T21:31:53.834809
134.2300,0.0803,15.4080,126.0000,7.1992,0.4077,1.0133,91.4648,22.6146,44.1345,72,5.1395,0.0101,0.5907,9,chill,1,3,0,6,0,2025-07-02T21:31:54.083778
120.0000,0.0005,15.1274,92.0000,7.0352,0.3948,1.8005,108.5220,18.2616,55.3090,60,6.6586,0.0144,0.7314,9,chill,1,3,0,6,0,2025-07-02T21:31:54.359187
144.0002,0.1690,2.2766,0.0000,2.1190,0.2353,0.1526,64.0000,0.0000,80.5452,32,0.5030,0.8147,0.4253,1,chill,2,1,0,6,0,2025-07-02T21:31:54.400792
70.0001,0.0724,5.9155,63.0000,4.3764,0.5683,0.7497,107.0187,19.5379,60.3247,55,2.4261,0.0493,0.1540,1,chill,1,2,0,6,0,2025-07-02T21:31:54.491299
165.0002,0.0167,18.6627,114.0000,7.7438,0.2751,0.4932,93.5173,29.0696,47.3056,46,5.0773,0.0097,0.6892,6,chill,0,3,0,6,0,2025-07-02T21:31:54.691618
116.0001,0.1531,25.0940,126.0000,9.2166,0.1915,0.3180,85.6421,30.5229,51.9712,85,5.9715,0.0080,0.6235,14,chill,1,3,0,6,0,2025-07-02T21:31:54.895459
93.0002,0.0518,23.0113,99.0000,8.7169,0.3342,0.3947,86.2516,26.2837,58.3528,49,9.3674,0.0091,0.5257,9,chill,1,3,0,6,0,2025-07-02T21:31:55.141570
148.0001,0.0000,5.0130,0.0000,3.1326,0.1503,0.0507,100.0000,0.0000,70.4688,8,0.5000,0.0000,1.0086,1,chill,0,2,0,1,0,2025-07-02T21:31:55.170521
125.0000,0.0074,4.6875,0.0000,3.3968,0.2133,0.1099,127.0000,0.0000,70.2222,12,0.5000,0.0124,1.5717,1,chill,1,1,0,2,0,2025-07-02T21:31:55.205077
120.0000,0.0686,12.7915,80.0000,6.1814,0.5152,0.6356,94.0586,17.4317,50.9058,46,6.2445,0.0266,0.5045,9,chill,1,3,0,6,0,2025-07-02T21:31:55.387297
135.0014,0.1607,18.3079,110.0000,7.4739,0.2306,0.2456,79.6711,24.3583,58.7891,64,5.3974,0.0079,0.7047,6,chill,1,3,0,6,0,2025-07-02T21:31:55.551240
101.0016,0.0120,37.3722,107.0000,11.6259,0.1526,0.4078,86.0230,20.4866,56.0846,77,7.0464,0.0028,0.8416,11,chill,0,3,0,6,0,2025-07-02T21:31:56.085913
100.0000,0.0550,2.5571,60.0000,3.3135,0.3252,0.3023,92.8552,16.7728,73.3756,24,0.5905,0.0880,1.4516,1,chill,1,1,0,4,0,2025-07-02T21:31:56.151128
53.3820,0.0589,2.9063,52.0000,2.9376,1.0865,1.2988,47.0995,7.0549,65.2279,58,3.2657,0.2112,0.2034,1,chill,1,1,0,6,0,2025-07-02T21:31:56.203014
53.3820,0.0589,2.9063,52.0000,2.9376,1.0865,1.2988,47.0995,7.0549,65.2279,58,3.2657,0.2112,0.2034,1,chill,1,1,0,6,0,2025-07-02T21:31:56.255327
140.0001,0.0896,20.2013,119.0000,8.3975,0.4614,0.9009,87.5135,40.0559,51.3918,51,9.2881,0.0249,0.1046,12,chill,1,3,0,6,0,2025-07-02T21:31:56.356645
137.9999,0.0038,33.5585,0.0000,9.0365,0.2347,0.1110,64.0000,0.0000,55.6804,50,5.2940,0.0031,0.7758,5,chill,0,3,0,6,0,2025-07-02T21:31:56.430465
100.0000,0.0587,37.1137,97.0000,11.3542,0.1546,0.5768,92.1889,23.5529,58.8685,86,5.0196,0.0034,0.4835,11,chill,1,3,0,6,0,2025-07-02T21:31:56.824151
130.0001,0.0418,9.7969,48.0000,4.7540,0.2307,0.2986,92.2525,9.4166,48.3424,49,1.7201,0.0212,1.2330,3,chill,1,2,0,6,0,2025-07-02T21:31:56.952396
119.9827,0.1524,9.4536,87.0000,5.0845,0.4940,0.6585,66.2002,14.7503,53.9785,55,4.4236,0.0168,0.7848,6,chill,1,2,0,6,0,2025-07-02T21:31:57.053249
83.1587,0.1420,6.3132,88.0000,4.3263,0.6809,0.7656,57.4112,12.8768,66.2810,70,4.3291,0.0744,0.6214,1,chill,2,2,0,6,0,2025-07-02T21:31:57.135704
92.0014,0.0530,23.9927,126.0000,9.4315,0.3378,0.6101,108.7615,22.1048,55.3379,65,7.9460,0.0185,0.0241,7,chill,1,3,0,6,0,2025-07-02T21:31:57.362490
115.0000,0.2483,4.9414,62.0000,4.2741,0.3930,0.6471,120.5939,14.3607,44.0727,59,1.7727,0.0295,1.7343,4,chill,2,1,0,6,0,2025-07-02T21:31:57.433694
130.0001,0.0471,12.0328,0.0000,4.6681,0.1146,0.0498,100.0000,0.0000,48.9180,41,1.3682,0.0113,1.2492,3,chill,1,3,0,6,0,2025-07-02T21:31:57.483970
140.0001,0.0665,21.9623,69.0000,8.2383,0.3410,0.3486,108.5567,12.9788,54.4934,103,7.5565,0.0092,0.4029,18,chill,1,3,0,6,0,2025-07-02T21:31:57.596707
170.0001,0.0565,32.3524,97.0000,10.9749,0.2908,0.8731,108.4401,9.8356,54.5680,67,10.1237,0.0060,0.0618,12,chill,1,3,0,6,0,2025-07-02T21:31:57.820089
109.9999,0.0793,9.9777,19.0000,5.3543,0.4742,0.5447,122.2377,4.6236,57.6066,67,8.7131,0.0028,1.6496,7,chill,1,2,0,6,0,2025-07-02T21:31:57.863837
165.0002,0.0583,20.2370,61.0000,7.0153,0.1386,0.1315,74.9242,9.1455,58.1353,49,3.2955,0.0063,0.8883,6,chill,1,3,0,6,0,2025-07-02T21:31:57.958216
118.3098,0.0259,3.3500,26.0000,2.9278,0.6022,0.3841,75.6832,6.1335,72.5093,31,1.8043,0.0701,1.3432,1,chill,1,1,0,6,0,2025-07-02T21:31:58.002598
170.0006,0.2569,17.9275,95.0000,7.2032,0.4328,0.6560,62.8034,16.6682,59.2979,65,7.9792,0.0112,0.8560,10,chill,1,3,0,6,0,2025-07-02T21:31:58.071403
71.9530,0.0646,6.0303,63.0000,3.7058,0.3942,0.9879,55.9447,11.0420,59.5517,67,1.6091,0.0441,0.0636,2,chill,1,2,0,6,0,2025-07-02T21:31:58.153487
121.6425,0.1918,9.8502,77.0000,4.9846,0.2820,0.3416,77.4422,14.8253,54.3559,53,2.0593,0.0143,0.7385,1,chill,1,2,0,6,0,2025-07-02T21:31:58.215710
92.9800,0.0536,7.3919,31.0000,3.7076,0.4350,0.7564,61.4125,7.3651,64.8993,66,2.3875,0.0228,1.1773,2,chill,1,2,0,6,0,2025-07-02T21:31:58.296021
120.0000,0.0841,2.9277,0.0000,2.8478,0.3957,0.3316,110.0000,0.0000,48.9438,46,0.8371,0.0689,1.4494,2,chill,1,1,0,6,0,2025-07-02T21:31:58.339849
118.7376,0.0098,9.2376,27.0000,4.0741,0.2243,0.1974,66.5645,7.3132,56.7073,36,2.0122,0.0113,1.3353,1,chill,1,2,0,6,0,2025-07-02T21:31:58.397232
80.0000,0.0682,8.0381,103.0000,5.5043,0.6052,1.0078,106.6739,15.0654,50.3275,58,4.5584,0.0364,0.9157,28,chill,1,2,0,6,0,2025-07-02T21:31:58.531474
120.0000,0.9738,4.8242,0.0000,3.4781,0.1598,0.0560,127.0000,0.0000,67.8777,43,1.1502,2.2830,0.0696,1,chill,2,1,0,6,0,2025-07-02T21:31:58.608202
96.0000,0.7072,13.2014,31.0000,5.5227,0.3338,0.1497,110.6721,15.4779,73.8233,50,2.3472,0.0176,0.5963,3,chill,1,3,0,6,0,2025-07-02T21:31:58.682234
95.0013,0.0206,9.7399,66.0000,4.9662,0.1329,0.0987,96.2390,29.7462,65.3563,68,1.0163,0.0058,0.6981,3,chill,0,2,0,6,0,2025-07-02T21:31:58.771218
140.0001,0.0070,11.2769,14.0000,4.5247,0.1169,0.0510,88.4577,5.3261,61.6301,41,1.0690,0.0049,1.0582,4,chill,0,3,0,6,0,2025-07-02T21:31:58.844057
120.0000,0.0256,1.9524,0.0000,2.2479,0.4639,0.3889,80.0000,0.0000,70.2561,15,0.5000,0.1652,0.8801,1,chill,1,0,0,3,0,2025-07-02T21:31:58.893501
135.0001,0.0313,9.5314,0.0000,3.7294,0.2690,0.1957,64.0000,0.0000,61.4230,57,1.6902,0.0164,1.1267,1,chill,1,2,0,6,0,2025-07-02T21:31:59.041412
96.0000,0.0239,22.1385,92.0000,8.4619,0.4619,0.7471,82.9181,16.5669,52.9457,75,10.0872,0.0072,0.6761,10,chill,0,3,0,6,0,2025-07-02T21:31:59.225916
84.5418,0.0058,5.1410,68.0000,3.8908,0.4706,0.4494,79.8007,9.8189,60.2199,38,1.7648,0.0545,0.7663,1,chill,1,2,0,6,0,2025-07-02T21:31:59.311184
123.0612,0.2443,24.4589,116.0000,8.7231,0.1602,0.1867,80.8000,21.8134,66.7775,64,3.8486,0.0111,0.4098,7,chill,1,3,0,6,0,2025-07-02T21:31:59.627731
64.6473,0.0143,29.6064,106.0000,9.9058,0.2506,0.2979,79.5193,21.9543,69.3934,63,6.9663,0.0040,0.3164,10,chill,0,3,0,6,0,2025-07-02T21:31:59.840583
64.6473,0.0143,29.6064,106.0000,9.9058,0.2506,0.2979,79.5193,21.9543,69.3934,63,6.9663,0.0040,0.3164,10,chill,0,3,0,6,0,2025-07-02T21:32:00.069371
180.0002,0.1550,7.2395,0.0000,3.2939,0.4348,0.2665,64.0000,0.0000,60.5267,52,2.2165,0.0272,1.5429,2,chill,2,2,0,6,0,2025-07-02T21:32:00.124430
95.3031,0.1121,5.0325,0.0000,3.3948,0.5551,0.4170,110.0000,0.0000,64.5032,45,2.1645,0.0468,1.2328,2,chill,2,2,0,6,0,2025-07-02T21:32:00.162257
118.5284,0.0231,4.2665,28.0000,3.0071,0.5624,0.1720,67.3537,5.1397,70.2087,44,1.3702,0.0655,0.8271,1,chill,1,1,0,6,0,2025-07-02T21:32:00.202854
189.1000,0.1180,38.5723,116.0000,11.8005,0.1244,0.1232,86.1311,23.8875,53.3732,43,4.6660,0.0031,0.4273,6,chill,1,3,0,6,0,2025-07-02T21:32:00.423082
165.9999,0.2444,29.0674,105.0000,9.9952,0.2722,0.4080,91.0175,23.3783,58.0936,74,7.8692,0.0033,0.8953,11,chill,1,3,0,6,0,2025-07-02T21:32:00.595812
88.0000,0.0019,2.5977,88.0000,4.0743,0.8898,0.8227,115.7557,23.0923,68.8382,58,1.9376,0.1666,1.1823,1,chill,1,1,0,6,0,2025-07-02T21:32:00.654301
151.0001,0.0040,14.8618,0.0000,5.7527,0.3174,0.4091,127.0000,0.0000,44.2472,67,3.3634,0.0277,0.0448,8,chill,1,3,0,6,0,2025-07-02T21:32:00.772224
90.3700,0.4910,15.3271,27.0000,6.2474,0.4657,0.4635,114.9214,13.4250,46.7192,47,5.8006,0.0067,0.6926,4,chill,1,3,0,6,0,2025-07-02T21:32:00.965431
91.1673,0.0164,14.7746,106.0000,7.2306,0.8844,1.2024,67.7632,20.7997,58.7225,69,13.9213,0.0142,0.4735,17,chill,1,3,0,6,0,2025-07-02T21:32:01.131795
150.0000,0.0283,18.5119,0.0000,6.5564,0.2720,0.3412,127.0000,0.0000,49.2016,55,3.8804,0.0076,0.7972,6,chill,0,3,0,6,0,2025-07-02T21:32:01.300390
115.0020,0.0097,18.9393,65.0000,7.4217,0.3111,0.4546,109.0027,18.1981,48.6396,58,5.8378,0.0055,1.0433,9,chill,0,3,0,6,0,2025-07-02T21:32:01.563581
129.0106,0.0406,20.8993,107.0000,8.5256,0.4394,0.8582,94.7669,25.1102,59.2113,102,9.8798,0.0154,0.0830,22,chill,1,3,0,6,0,2025-07-02T21:32:01.758197
159.0002,1.0000,25.8423,121.0000,9.1175,0.1934,0.1598,75.5775,28.2381,65.9959,52,5.1463,0.0081,0.5689,2,chill,1,3,0,6,0,2025-07-02T21:32:01.914808
79.0000,0.0721,10.9636,124.0000,6.3339,0.6135,0.7153,82.5576,34.5609,59.0124,53,7.5729,0.0251,0.9084,8,chill,1,3,0,6,0,2025-07-02T21:32:02.107903
90.0000,0.0266,14.8465,126.0000,7.2126,0.6146,0.8553,72.0690,27.8353,56.1214,74,9.6857,0.0087,0.9176,9,chill,0,3,0,6,0,2025-07-02T21:32:02.296110
135.5359,0.1136,16.9539,103.0000,6.7125,0.1692,0.2197,66.3978,13.0152,67.8262,74,2.6240,0.0078,0.0955,2,chill,1,3,0,6,0,2025-07-02T21:32:02.426724
117.9999,0.0129,17.4759,47.0000,7.0995,0.4173,0.6461,123.1832,10.0182,48.3774,57,6.3421,0.0134,0.4199,15,chill,1,3,0,6,0,2025-07-02T21:32:02.643150
120.0000,0.1329,8.5921,0.0000,3.6114,0.4706,0.2465,64.0000,0.0000,62.2404,55,2.6501,0.0232,1.3359,1,chill,2,2,0,6,0,2025-07-02T21:32:02.707710
144.0002,0.0031,9.0333,0.0000,3.6510,0.3346,0.2539,64.0000,0.0000,68.5879,47,2.0043,0.0337,0.3705,1,chill,1,2,0,6,0,2025-07-02T21:32:02.774298
73.0000,0.0200,3.1863,59.0000,3.3996,0.8774,0.7786,80.9068,12.9570,69.3773,55,2.0023,0.1161,1.1445,2,chill,1,1,0,6,0,2025-07-02T21:32:02.868933
75.7500,0.0123,3.2564,0.0000,2.6331,0.8358,0.7537,80.0000,0.0000,69.5059,55,1.8924,0.1078,1.1528,2,chill,1,1,0,6,0,2025-07-02T21:32:02.922000
170.0001,0.0672,5.8380,8.0000,3.0866,0.2480,0.1262,71.4521,2.0207,53.1174,29,0.8659,0.0178,1.2757,1,chill,1,2,0,5,0,2025-07-02T21:32:02.980503
98.6289,0.0155,6.6550,17.0000,3.3844,0.1435,0.0090,73.7500,4.5552,68.6875,46,0.6562,0.0000,1.3324,1,chill,0,2,0,6,0,2025-07-02T21:32:03.040495
96.0000,0.1379,6.2036,57.0000,4.0757,0.5839,0.4889,83.0434,10.5090,65.4549,60,2.5668,0.0566,1.1834,1,chill,2,2,0,6,0,2025-07-02T21:32:03.109757
138.2444,0.0260,7.0807,36.0000,3.9572,0.2977,0.2224,83.7123,8.7822,56.7808,28,2.0890,0.0174,0.9371,1,chill,1,2,0,5,0,2025-07-02T21:32:03.157192
96.0000,0.1199,4.6859,46.0000,3.8316,0.6733,0.5992,103.3241,16.2026,65.1730,48,2.1382,0.1045,1.0993,2,chill,2,1,0,6,0,2025-07-02T21:32:03.215438
77.1999,0.1497,4.6117,63.0000,3.8470,1.0511,0.9714,78.9347,20.6967,52.8421,35,3.5116,0.0999,0.8662,6,chill,2,1,0,6,0,2025-07-02T21:32:03.287047
77.1603,0.0565,4.1381,90.0000,3.7499,0.6933,0.7169,58.1822,11.7227,64.1831,55,2.3875,0.0930,0.3040,1,chill,1,1,0,6,0,2025-07-02T21:32:03.379146
150.0000,0.3461,4.8438,0.0000,3.1562,0.2129,0.0793,100.0000,0.0000,63.1613,21,1.2258,0.0702,1.7661,1,chill,2,1,0,4,0,2025-07-02T21:32:03.424521
128.0000,0.2353,3.7285,0.0000,2.9341,0.5357,0.5633,100.0000,0.0000,56.0357,33,1.3571,0.0313,1.6807,1,chill,2,1,0,6,0,2025-07-02T21:32:03.480604
71.0000,0.0613,21.0980,92.0000,8.3771,0.3388,0.5622,104.2263,20.0056,55.7035,65,8.4894,0.0107,0.4798,12,chill,1,3,0,6,0,2025-07-02T21:32:03.668513
120.0000,0.2144,16.2177,27.0000,6.1160,0.3150,0.5209,100.0340,0.9572,47.5176,51,4.1483,0.0200,0.1355,9,chill,1,3,0,6,0,2025-07-02T21:32:03.884961
158.0028,0.0226,32.7780,102.0000,10.5200,0.2160,0.5579,72.9238,20.5265,48.5490,64,8.0131,0.0025,0.8825,12,chill,0,3,0,6,0,2025-07-02T21:32:04.113269
84.0000,0.0042,34.9485,95.0000,11.2998,0.2990,0.4825,85.0055,23.9032,60.4625,64,11.3198,0.0040,0.6238,9,chill,0,3,0,6,0,2025-07-02T21:32:04.251680
127.9683,0.0083,11.8432,72.0000,5.7437,0.6467,0.6597,74.0318,14.1833,60.4601,65,7.5962,0.0149,0.8189,19,chill,1,3,0,6,0,2025-07-02T21:32:04.514908
126.0001,0.0031,10.0814,0.0000,4.0231,0.2210,0.1228,80.0000,0.0000,64.0231,41,1.4692,0.0128,1.2015,2,chill,1,3,0,6,0,2025-07-02T21:32:04.570355
50.0000,0.1129,3.6331,36.0000,3.2140,1.0108,0.5219,80.6447,5.3123,61.0362,41,2.2617,0.1671,1.2874,1,chill,2,1,0,6,0,2025-07-02T21:32:04.632070
125.0000,0.0110,20.4391,80.0000,7.1932,0.1316,0.0886,69.9582,12.9446,53.1545,55,2.7008,0.0061,0.9222,9,chill,0,3,0,6,0,2025-07-02T21:32:04.855327
64.3135,0.9890,13.3365,0.0000,5.2691,0.2371,0.1487,120.0000,0.0000,64.0428,67,2.3892,0.0104,0.7220,4,chill,1,3,0,6,0,2025-07-02T21:32:04.966982
112.0009,0.2413,17.4507,91.0000,7.5437,0.5524,0.7598,80.1284,12.6821,60.9201,72,11.4093,0.0098,0.7169,9,chill,1,3,0,6,0,2025-07-02T21:32:05.043951
150.4320,0.0488,6.7810,62.0000,4.2699,0.1924,0.1742,90.8234,10.3818,64.1190,67,1.5019,0.0099,0.8229,2,chill,1,2,0,6,0,2025-07-02T21:32:05.123914
136.0001,0.6416,2.4438,0.0000,2.5015,0.6138,1.3551,92.0000,0.0000,57.5507,43,0.5435,0.8977,0.5116,1,chill,2,1,0,6,0,2025-07-02T21:32:05.163675
115.0000,0.0027,35.0679,96.0000,11.6004,0.2885,0.6612,107.3861,19.2075,58.5334,69,11.1661,0.0042,0.0244,10,chill,0,3,0,6,0,2025-07-02T21:32:05.541085
73.6154,0.1904,12.3770,98.0000,6.2615,0.6918,0.4311,86.0913,12.4401,58.7078,58,6.6446,0.0435,0.6697,10,chill,2,3,0,6,0,2025-07-02T21:32:05.607987
140.0001,1.0000,1.9444,0.0000,2.5205,1.0241,0.7348,99.0000,0.0000,66.0000,29,1.0000,0.3248,1.7326,1,chill,2,0,0,5,0,2025-07-02T21:32:05.645270
162.0046,0.0207,28.4157,68.0000,9.2794,0.2444,0.2885,88.2845,15.0267,55.0890,46,7.0218,0.0041,0.7078,10,chill,0,3,0,6,0,2025-07-02T21:32:05.878485
100.0000,0.0067,22.2669,112.0000,8.3305,0.2503,0.6578,69.8315,27.5187,60.0947,72,6.9448,0.0067,0.7772,15,chill,0,3,0,6,0,2025-07-02T21:32:06.097612
82.2299,0.1527,0.9936,0.0000,2.4659,0.4279,0.1564,100.0000,0.0000,54.6724,39,2.6199,0.0472,0.7722,5,chill,2,0,0,6,0,2025-07-02T21:32:06.149098
116.0000,0.0142,33.4633,123.0000,10.9875,0.1618,0.2650,82.5355,25.1051,61.1961,62,7.2171,0.0056,0.6136,15,chill,0,3,0,6,0,2025-07-02T21:32:06.454071
157.8149,0.0779,9.5650,52.0000,4.5643,0.2956,0.1861,69.8668,10.9112,53.4752,72,2.7350,0.0111,0.9516,2,chill,1,2,0,6,0,2025-07-02T21:32:06.508985
160.0000,0.1009,24.5691,62.0000,8.3701,0.1690,0.0405,110.3521,23.4595,49.5051,67,3.3199,0.0252,0.0737,4,chill,2,3,0,6,0,2025-07-02T21:32:06.635606
180.0002,0.0710,54.9749,27.0000,14.5190,0.1575,0.2188,114.3067,7.4129,50.9943,52,5.8575,0.0025,0.4103,5,chill,1,3,0,6,0,2025-07-02T21:32:06.977526
180.0002,0.0710,54.9749,27.0000,14.5190,0.1575,0.2188,114.3067,7.4129,50.9943,52,5.8575,0.0025,0.4103,5,chill,1,3,0,6,0,2025-07-02T21:32:07.262009
74.4376,1.0000,5.7065,33.0000,3.5633,0.6975,0.3869,76.3245,5.0257,54.4423,27,2.3654,0.0816,1.2769,2,chill,2,2,0,5,0,2025-07-02T21:32:07.313586
47.0002,0.0737,8.7732,85.0000,5.4759,1.0644,1.2611,87.4720,19.8806,58.7746,60,8.0875,0.0302,0.7271,10,chill,1,2,0,6,0,2025-07-02T21:32:07.400316
85.0000,0.0340,14.8859,64.0000,6.3621,0.3827,0.5982,95.3957,16.1280,61.6288,49,5.4274,0.0205,0.8379,8,chill,1,3,0,6,0,2025-07-02T21:32:07.530113
83.0001,0.0065,20.3297,116.0000,8.0941,0.3892,0.3829,70.0467,29.0741,56.8907,60,8.3437,0.0050,0.8667,8,chill,0,3,0,6,0,2025-07-02T21:32:07.706784
132.0016,0.0001,8.2283,80.0000,4.8176,0.1284,0.1820,89.3315,12.4331,62.1581,60,1.8935,0.0359,1.1627,1,chill,1,2,0,6,0,2025-07-02T21:32:07.786832
130.0001,0.0102,30.8349,101.0000,10.4740,0.2803,0.5245,89.9434,21.9818,55.3802,69,10.0209,0.0036,0.6756,15,chill,0,3,0,6,0,2025-07-02T21:32:08.076796
126.0001,0.4409,13.9341,60.0000,6.0507,0.4647,0.5091,99.7651,12.3421,62.7216,39,4.0115,0.0265,0.6243,5,chill,2,3,0,6,0,2025-07-02T21:32:08.143548
135.0001,0.0008,16.9124,126.0000,7.2569,0.2906,1.5442,69.2363,32.0903,64.5355,67,5.3512,0.0031,0.7801,6,chill,0,3,0,6,0,2025-07-02T21:32:08.281899
117.5201,0.6610,2.8892,20.0000,2.5813,0.7305,0.5624,64.8705,5.1423,60.2446,39,1.3129,0.2534,1.2024,1,chill,2,1,0,6,0,2025-07-02T21:32:08.323610
88.3334,0.1421,3.4040,21.0000,2.6606,0.4799,0.5876,62.8100,5.8766,58.2700,48,1.1200,0.1165,1.2596,1,chill,2,1,0,6,0,2025-07-02T21:32:08.364801
140.0001,0.2222,0.8749,0.0000,2.3502,3.4241,0.0000,100.0000,0.0000,60.8333,40,1.5000,2.4888,1.5329,1,chill,2,0,0,6,0,2025-07-02T21:32:08.400077
153.6668,0.0414,34.9295,52.0000,10.6343,0.1881,0.3997,96.9955,13.1790,56.5984,62,8.1880,0.0075,0.0164,12,chill,1,3,0,6,0,2025-07-02T21:32:08.839146
92.0006,0.0584,11.2699,85.0000,6.1736,0.5656,0.6970,103.9452,16.8204,60.2193,51,7.7675,0.0291,0.6786,6,chill,1,3,0,6,0,2025-07-02T21:32:08.899302
121.3006,0.0965,19.0869,119.0000,7.7730,0.3755,0.4260,76.7777,19.4813,55.1447,62,6.0876,0.0113,0.5190,16,chill,1,3,0,6,0,2025-07-02T21:32:09.051202
77.0001,0.0026,15.8938,120.0000,7.9280,0.6171,1.0714,107.8472,19.5926,56.3236,70,11.3382,0.0202,0.4759,17,chill,1,3,0,6,0,2025-07-02T21:32:09.432011
69.4929,0.1153,6.5896,99.0000,4.4689,0.3833,0.5522,63.7622,16.5005,62.1032,67,2.6662,0.0718,0.2367,10,chill,2,2,0,6,0,2025-07-02T21:32:09.770466
100.0000,0.1261,2.9603,0.0000,2.7925,0.6875,0.2146,100.0000,0.0000,43.6667,20,1.5877,0.1261,1.4069,1,chill,2,1,0,4,0,2025-07-02T21:32:09.810832
75.0000,0.0585,18.2619,87.0000,7.4715,0.4666,0.7882,92.5966,33.1550,55.7606,53,7.1827,0.0134,0.0821,11,chill,1,3,0,6,0,2025-07-02T21:32:10.030698
114.0013,0.0269,32.3075,118.0000,10.6684,0.2591,0.5111,73.8958,13.9509,56.3006,51,8.3605,0.0041,0.1228,9,chill,0,3,0,6,0,2025-07-02T21:32:10.388146
93.0002,0.0946,24.3407,91.0000,8.6211,0.3687,0.8248,62.2633,16.4133,57.9333,48,9.6751,0.0132,0.2562,7,chill,1,3,0,6,0,2025-07-02T21:32:10.556907
85.0000,0.0616,35.1265,122.0000,11.6200,0.3720,0.5969,72.2848,20.1899,58.1449,60,12.4436,0.0046,0.7955,9,chill,1,3,0,6,0,2025-07-02T21:32:10.909928
128.1690,0.1720,17.6023,91.0000,6.9482,0.1126,0.2098,83.4629,19.5206,52.0063,45,3.1815,0.0133,0.2126,6,chill,1,3,0,6,0,2025-07-02T21:32:11.062404
127.0003,0.0100,21.5705,91.0000,8.2154,0.3254,0.8013,85.9376,15.3689,58.8706,55,8.2129,0.0066,0.9734,9,chill,0,3,0,6,0,2025-07-02T21:32:11.359721
122.0008,0.0496,24.3444,126.0000,8.9251,0.0828,0.1649,96.1618,19.6700,43.4401,49,2.7143,0.0045,0.9629,7,chill,1,3,0,6,0,2025-07-02T21:32:11.575830
180.0018,0.0790,34.0534,105.0000,10.8531,0.1748,0.3312,86.3788,18.9100,60.9202,57,6.3225,0.0041,0.6312,15,chill,1,3,0,6,0,2025-07-02T21:32:11.811904
158.0002,0.2715,14.5098,74.0000,6.0303,0.0900,0.2487,81.7780,27.1241,48.6742,53,2.7813,0.0241,0.0511,7,chill,2,3,0,6,0,2025-07-02T21:32:11.960373
136.0001,0.0068,40.9613,126.0000,12.6338,0.1372,0.1850,92.6025,28.1024,54.3162,48,6.2183,0.0029,0.1077,7,chill,0,3,0,6,0,2025-07-02T21:32:12.407274
85.3334,0.0595,25.3936,123.0000,9.2104,0.1172,0.3678,96.2318,19.2477,52.6700,70,3.9972,0.0101,0.2568,14,chill,1,3,0,6,0,2025-07-02T21:32:12.541048
102.0009,0.0297,9.4403,106.0000,5.4575,0.4712,1.4877,76.7778,31.2177,50.3299,36,4.4304,0.0207,1.1663,8,chill,1,2,0,6,0,2025-07-02T21:32:12.685070
120.0000,0.0369,9.8566,63.0000,5.0252,0.2775,0.1725,97.4881,10.6500,58.7856,66,1.7301,0.0144,0.6490,1,chill,1,2,0,6,0,2025-07-02T21:32:12.838280
162.0002,0.0134,33.6988,12.0000,9.8192,0.1760,0.2956,115.0029,0.1852,52.8822,53,4.9400,0.0034,0.8717,9,chill,0,3,0,6,0,2025-07-02T21:32:13.122654
227.8527,0.0282,51.4104,108.0000,15.0059,0.2369,0.4199,83.4521,22.1898,56.7589,45,12.8213,0.0019,0.4892,11,chill,0,3,0,6,0,2025-07-02T21:32:13.390992
160.0000,0.0277,17.7879,120.0000,8.0761,0.5434,0.4904,93.7744,21.3843,56.4292,55,10.4259,0.0076,0.6721,14,chill,0,3,0,6,0,2025-07-02T21:32:13.572571
102.0001,0.0158,36.6149,120.0000,11.6691,0.1308,0.1818,95.7159,26.5414,58.3155,67,5.9914,0.0034,0.4925,8,chill,0,3,0,6,0,2025-07-02T21:32:13.860168
120.0000,0.0224,25.9776,126.0000,9.2302,0.2286,0.7190,66.6086,19.6237,51.3569,89,6.7513,0.0043,0.1183,14,chill,0,3,0,6,0,2025-07-02T21:32:14.272300
124.0000,0.1147,7.5052,105.0000,4.8652,0.2596,0.3266,81.8246,12.9458,46.2547,60,1.5042,0.0114,1.3429,1,chill,1,2,0,6,0,2025-07-02T21:32:14.336745
134.0001,0.8085,9.5401,67.0000,4.6866,0.3789,0.2259,64.8905,9.9879,62.5866,45,2.6767,0.0423,0.8932,7,chill,2,2,0,6,0,2025-07-02T21:32:14.392636
100.0000,0.1785,12.5101,89.0000,5.7385,0.3584,1.7321,62.3107,13.3756,75.5012,73,4.8930,0.0107,0.8386,1,chill,1,3,0,6,0,2025-07-02T21:32:14.492674
128.1893,0.1991,8.3965,0.0000,4.3729,0.4804,0.5367,127.0000,0.0000,61.4712,72,2.9882,0.0404,0.7038,4,chill,2,2,0,6,0,2025-07-02T21:32:14.609073
84.0000,0.0032,19.4310,68.0000,7.3263,0.3705,0.3415,84.9454,14.4896,58.7512,58,6.5666,0.0063,0.6377,6,chill,0,3,0,6,0,2025-07-02T21:32:14.786232
86.0001,0.0298,34.7874,118.0000,11.6063,0.2772,0.3488,78.5423,23.9717,60.1195,55,12.8334,0.0050,0.3931,12,chill,0,3,0,6,0,2025-07-02T21:32:15.100295
85.0002,0.0495,6.5241,43.0000,3.8805,0.5466,0.4149,79.5057,5.9005,61.2000,31,2.1000,0.0618,1.1832,1,chill,1,2,0,6,0,2025-07-02T21:32:15.149327
136.7500,0.0094,21.5569,23.0000,7.4025,0.1218,0.0753,126.9474,0.9530,36.0098,29,2.8277,0.0105,0.0813,3,chill,1,3,0,5,0,2025-07-02T21:32:15.382376
150.0000,0.0386,5.9375,0.0000,3.5467,0.9105,0.6427,100.0000,0.0000,78.1579,31,3.2237,0.0559,1.5590,1,chill,1,2,0,6,0,2025-07-02T21:32:15.429486
95.8033,0.3446,20.0939,126.0000,8.2863,0.3969,0.5980,84.6477,28.1449,56.9898,62,7.5159,0.0332,0.1608,11,chill,2,3,0,6,0,2025-07-02T21:32:15.618176
126.0001,0.2890,28.9161,76.0000,9.4058,0.3103,0.2342,84.5513,11.0493,57.6476,66,6.5868,0.0084,0.4117,14,chill,1,3,0,6,0,2025-07-02T21:32:15.747653
120.0000,0.1188,2.8926,66.0000,3.2642,0.2741,0.1877,74.2857,11.4073,69.2208,14,0.9805,0.0789,1.0648,1,chill,2,1,0,2,0,2025-07-02T21:32:15.785562
120.0000,0.3590,6.1231,0.0000,3.0166,0.4548,0.0962,64.0000,0.0000,49.9698,45,1.6709,0.0370,1.1834,3,chill,2,2,0,6,0,2025-07-02T21:32:15.835837
111.1000,0.0511,7.6888,0.0000,4.3828,0.8430,0.6481,127.0000,0.0000,65.8960,69,4.9297,0.0531,1.0461,6,chill,1,2,0,6,0,2025-07-02T21:32:15.932451
131.8020,0.0035,25.1899,90.0000,8.8473,0.1649,0.4595,93.6584,27.2845,48.8278,67,5.6814,0.0066,0.6949,12,chill,0,3,0,6,0,2025-07-02T21:32:16.115451
175.0036,0.0116,20.2759,123.0000,8.2148,0.3100,0.5268,80.3328,22.7064,55.8509,56,7.2981,0.0104,0.5510,13,chill,1,3,0,6,0,2025-07-02T21:32:16.330047
93.0002,0.0126,9.7504,100.0000,5.3249,0.2949,0.6875,74.5360,22.7278,47.4580,55,3.2936,0.0262,0.5790,7,chill,1,2,0,6,0,2025-07-02T21:32:16.489455
58.3000,0.0330,2.9026,64.0000,3.3839,0.9003,1.3408,82.0394,11.9231,68.1434,43,1.5717,0.1791,0.6316,2,chill,1,1,0,6,0,2025-07-02T21:32:16.539425
128.0964,0.0185,3.6512,14.0000,2.4222,0.9865,0.9802,36.2407,2.9841,71.4444,55,2.6852,0.0642,1.6325,1,chill,1,1,0,6,0,2025-07-02T21:32:16.583553
63.5715,0.0319,3.1775,20.0000,3.4638,1.0021,1.1351,125.2552,3.6382,65.6624,64,2.2938,0.1667,0.7341,1,chill,1,1,0,6,0,2025-07-02T21:32:16.642325
175.5627,0.0248,16.0781,31.0000,5.4628,0.1282,0.1313,58.5043,8.2186,64.4183,55,2.1183,0.0046,1.2184,2,chill,0,3,0,6,0,2025-07-02T21:32:16.751675
150.0000,0.0249,24.3554,76.0000,8.3521,0.1877,0.1723,86.1151,14.5961,53.6352,45,5.0946,0.0049,0.7224,6,chill,0,3,0,6,0,2025-07-02T21:32:16.904861
183.0052,0.0457,31.8987,81.0000,10.4190,0.1841,0.5658,112.1995,22.1716,58.4330,66,6.4167,0.0037,0.5414,7,chill,1,3,0,6,0,2025-07-02T21:32:17.167194
111.6006,0.0004,16.7293,79.0000,6.9730,0.3789,0.4260,99.9621,13.2361,53.1680,69,5.1374,0.0112,0.6391,6,chill,1,3,0,6,0,2025-07-02T21:32:17.335381
48.0000,0.1464,2.8556,30.0000,2.7939,1.1730,0.8495,63.7121,2.6675,65.8171,55,2.6051,0.1780,1.4501,1,chill,2,1,0,6,0,2025-07-02T21:32:17.388847
93.0000,0.2215,3.0231,63.0000,3.4537,1.3264,1.4263,77.0619,14.4593,64.0938,53,3.0347,0.1818,0.7210,2,chill,2,1,0,6,0,2025-07-02T21:32:17.447656
131.5043,0.0301,46.4131,126.0000,13.6507,0.1259,0.2524,81.7676,27.1824,69.1347,75,6.3712,0.0019,0.6436,14,chill,1,3,0,6,0,2025-07-02T21:32:17.836579
129.0001,0.0197,16.0952,123.0000,7.4972,0.6126,0.9183,77.1747,28.3487,61.2186,55,9.6841,0.0091,0.8140,10,chill,0,3,0,6,0,2025-07-02T21:32:18.022416
116.0001,0.0902,22.0475,101.0000,8.6862,0.3124,0.4367,108.0230,17.8268,54.0430,68,7.8510,0.0063,0.8048,5,chill,1,3,0,6,0,2025-07-02T21:32:18.180722
102.0001,0.0180,29.2183,103.0000,9.8032,0.1545,0.3780,92.0865,25.1290,46.4782,48,5.2730,0.0043,0.5766,5,chill,0,3,0,6,0,2025-07-02T21:32:18.404942
78.4001,0.0437,15.5491,126.0000,7.4465,0.4965,0.6988,91.5330,14.3960,58.0803,76,7.8120,0.0272,0.0834,15,chill,1,3,0,6,0,2025-07-02T21:32:18.673673
73.0001,0.2013,11.1447,117.0000,6.1617,0.5600,0.6427,78.7385,18.1579,50.1121,53,6.6771,0.0284,0.5240,5,chill,2,3,0,6,0,2025-07-02T21:32:18.783569
100.0000,0.0117,7.6274,66.0000,4.1974,0.2229,0.2599,61.9104,11.9745,71.4252,58,2.1778,0.0138,1.2762,1,chill,1,2,0,6,0,2025-07-02T21:32:18.895386
143.0001,1.0000,8.0438,0.0000,4.1378,0.1067,0.0227,127.0000,0.0000,83.5926,22,1.0000,0.0182,1.5690,1,chill,1,2,0,4,0,2025-07-02T21:32:18.937193
109.9999,0.0640,17.9661,25.0000,7.0325,0.5022,0.6661,126.9850,0.6128,52.9591,55,7.1766,0.0093,0.8602,10,chill,1,3,0,6,0,2025-07-02T21:32:19.086364
56.2222,0.0323,15.4556,112.0000,7.2871,0.6805,1.4414,79.5061,19.2462,62.5213,80,10.1353,0.0128,0.8340,14,chill,1,3,0,6,0,2025-07-02T21:32:19.268708
78.0001,0.0892,8.3892,92.0000,5.2134,0.8506,1.3158,70.6303,19.5175,55.1176,67,7.2814,0.0393,0.7356,7,chill,1,2,0,6,0,2025-07-02T21:32:19.344679
130.0001,0.0125,44.3865,115.0000,13.3440,0.1874,0.5064,74.0600,24.5995,57.7622,62,10.7178,0.0025,0.6466,14,chill,0,3,0,6,0,2025-07-02T21:32:20.063462
140.0005,0.0450,34.1852,80.0000,10.9039,0.1571,0.1879,113.3240,13.9369,60.7246,68,6.4996,0.0051,0.5361,15,chill,1,3,0,6,0,2025-07-02T21:32:20.275503
198.9997,0.1558,94.0995,124.0000,23.9758,0.1187,0.1182,81.6605,30.1308,63.8207,50,11.2978,0.0007,0.7766,10,chill,1,3,0,6,0,2025-07-02T21:32:20.410321
90.0000,0.1794,8.3321,39.0000,4.5891,0.5545,1.3397,100.5478,1.5959,48.8693,60,3.6277,0.0343,0.6816,10,chill,2,2,0,6,0,2025-07-02T21:32:20.623051
88.0000,0.0896,30.7438,126.0000,10.8981,0.3385,0.6576,84.2975,25.3952,55.8260,72,12.3625,0.0044,0.6767,16,chill,1,3,0,6,0,2025-07-02T21:32:20.976355
139.0002,0.9015,12.8623,0.0000,4.8134,0.1079,0.0000,100.0000,0.0000,54.3602,41,1.0253,0.0059,1.0616,4,chill,1,3,0,6,0,2025-07-02T21:32:21.049272
140.0001,0.0240,32.6667,0.0000,9.2630,0.1790,0.4296,100.0000,0.0000,53.5452,48,4.9223,0.0022,0.9435,5,chill,0,3,0,6,0,2025-07-02T21:32:21.120947
140.0001,0.3333,2.6250,0.0000,2.6342,0.3810,0.2428,100.0000,0.0000,59.7778,10,0.5000,0.0623,1.8126,1,chill,2,1,0,3,0,2025-07-02T21:32:21.163194
140.0001,0.8056,1.7489,0.0000,2.4268,0.2679,0.0924,98.0000,0.0000,75.7500,16,0.5000,0.1102,2.1245,1,chill,2,0,0,4,0,2025-07-02T21:32:21.206503
140.0001,0.0543,8.7072,40.0000,4.4237,0.1899,0.0995,95.7153,9.6822,52.1818,42,1.1998,0.0095,1.1832,1,chill,1,2,0,6,0,2025-07-02T21:32:21.279445
78.5264,0.0550,5.7950,0.0000,3.1725,0.4803,0.3862,80.0000,0.0000,61.5025,43,2.0112,0.0407,1.0105,3,chill,1,2,0,6,0,2025-07-02T21:32:21.358239
135.7501,0.1788,2.6809,70.0000,3.4199,0.9809,1.2235,81.1947,13.6890,67.9493,74,1.7596,0.4341,0.8424,1,chill,2,1,0,6,0,2025-07-02T21:32:22.990042
183.3335,0.1151,34.8027,52.0000,10.7383,0.2185,0.2158,126.8001,2.4330,43.5485,55,5.2802,0.0048,0.1447,9,chill,1,3,0,6,0,2025-07-02T21:32:23.644067
123.0002,0.0222,18.4778,57.0000,7.2822,0.3306,0.3473,126.5666,4.0802,43.6116,58,3.9161,0.0105,0.5342,8,chill,1,3,0,6,0,2025-07-02T21:32:23.981084
183.3335,0.0213,28.9149,52.0000,9.4331,0.2241,0.2274,126.9316,1.8849,45.4236,61,4.3193,0.0057,0.1675,7,chill,0,3,0,6,0,2025-07-02T21:32:24.809510
120.0000,0.0141,22.1996,126.0000,8.6097,0.1771,0.4123,91.4766,29.3862,55.5345,55,5.0527,0.0069,0.9571,13,chill,0,3,0,6,0,2025-07-02T21:32:25.111883
114.0000,0.0058,19.0004,126.0000,7.7174,0.3431,1.0525,54.0525,19.8182,55.6276,69,7.9554,0.0056,0.7304,13,chill,0,3,0,6,0,2025-07-02T21:32:25.405410
120.0000,0.0313,25.8112,126.0000,9.1951,0.2286,0.7191,66.6026,19.6146,51.3415,89,6.7472,0.0044,0.1216,14,chill,1,3,0,6,0,2025-07-02T21:32:25.779798
128.0000,0.0323,13.0000,30.0000,5.2001,0.2344,0.0000,94.2000,8.4923,63.3692,24,1.5462,0.0120,0.8539,1,chill,1,3,0,4,0,2025-07-02T21:32:25.822182
135.0001,0.0156,11.4609,0.0000,4.4937,0.1429,0.0547,97.0000,0.0000,45.5583,39,1.1442,0.0021,0.7866,2,chill,0,3,0,6,0,2025-07-02T21:32:25.868703
92.5556,0.0469,11.4258,99.0000,6.1624,0.8582,0.7672,81.0015,12.9242,61.8466,69,8.4802,0.0205,0.9490,8,chill,1,3,0,6,0,2025-07-02T21:32:26.007048
128.0000,1.0000,10.5956,86.0000,5.5191,0.3350,0.2363,98.2517,14.1711,55.9094,59,2.1443,0.0153,0.7690,1,chill,1,3,0,6,0,2025-07-02T21:32:26.069905
124.6667,0.0880,6.5867,37.0000,3.6269,0.4330,0.2699,60.4343,7.8900,64.8494,41,2.6576,0.0290,1.1806,2,chill,1,2,0,6,0,2025-07-02T21:32:26.133443
110.9999,0.0272,30.2228,59.0000,9.8448,0.2053,0.4437,110.2146,12.0023,56.8691,91,7.4472,0.0043,0.1672,8,chill,0,3,0,6,0,2025-07-02T21:32:26.406896
118.0045,0.0554,36.0709,126.0000,11.7274,0.1967,0.5937,82.8546,24.4528,63.1029,68,9.1019,0.0050,0.0138,15,chill,1,3,0,6,0,2025-07-02T21:32:26.731153
128.0000,0.0111,29.9304,92.0000,9.8862,0.2073,0.3096,84.8104,14.6275,56.1251,60,7.3150,0.0041,0.6448,11,chill,0,3,0,6,0,2025-07-02T21:32:26.938170
73.7175,0.0460,20.4330,91.0000,8.3984,0.6789,0.7808,90.3020,19.9951,55.5500,77,12.7294,0.0152,0.4305,13,chill,1,3,0,6,0,2025-07-02T21:32:27.146665
137.0001,0.0668,22.6360,52.0000,7.9399,0.1877,0.3370,112.2385,14.4050,51.2124,52,4.2941,0.0045,0.8364,10,chill,1,3,0,6,0,2025-07-02T21:32:27.336399
58.0002,0.0493,14.7048,40.0000,6.2037,0.6947,1.2110,94.9734,6.5711,57.6612,62,7.8184,0.0306,0.0342,13,chill,1,3,0,6,0,2025-07-02T21:32:27.693238
45.1538,0.0720,0.4487,104.0000,3.3186,0.5653,0.4553,69.3408,17.6499,63.7917,60,2.6438,0.0527,0.8208,2,chill,1,0,0,6,0,2025-07-02T21:32:27.830812
59.1539,0.0734,13.1788,85.0000,5.9433,0.6072,1.1178,59.6815,17.0713,61.6793,61,6.7309,0.0183,0.7140,15,chill,1,3,0,6,0,2025-07-02T21:32:28.048042
210.8241,0.0760,13.5692,91.0000,5.9600,0.2373,0.2207,72.0691,19.4588,65.5589,62,3.1023,0.0120,0.2774,1,chill,1,3,0,6,0,2025-07-02T21:32:28.319372
210.0001,0.0704,27.8979,117.0000,9.6500,0.2513,0.2778,77.8526,20.0454,66.3646,52,6.7126,0.0065,0.1550,10,chill,1,3,0,6,0,2025-07-02T21:32:28.736593
100.0000,0.0127,21.6128,126.0000,8.3518,0.1750,0.3383,89.9861,24.1938,50.1054,61,3.6111,0.0051,0.6688,10,chill,0,3,0,6,0,2025-07-02T21:32:28.937823
94.0001,0.0957,52.5151,102.0000,14.8649,0.2007,0.2016,95.2454,12.0194,46.0704,58,7.4127,0.0026,0.4236,18,chill,1,3,0,6,0,2025-07-02T21:32:29.511733
78.0001,0.0467,13.3401,89.0000,6.2840,0.6192,0.4447,86.2946,16.7848,54.1014,53,5.8450,0.0210,0.8165,9,chill,1,3,0,6,0,2025-07-02T21:32:29.602993
72.0000,0.0012,3.0243,88.0000,3.4777,0.5378,0.3907,63.4611,16.2542,65.6702,52,1.4155,0.0638,0.9305,2,chill,1,1,0,6,0,2025-07-02T21:32:29.658745
120.0000,0.0966,6.0476,0.0000,3.4451,0.5896,0.5149,96.0000,0.0000,61.2677,55,2.2953,0.0271,1.2013,1,chill,1,2,0,6,0,2025-07-02T21:32:29.703434
72.0000,0.0601,4.2385,30.0000,3.3305,1.0360,0.9837,79.2886,6.3173,59.4283,55,3.2985,0.1326,0.9904,5,chill,1,1,0,6,0,2025-07-02T21:32:29.763264
120.0000,0.1073,5.1000,0.0000,3.0257,0.5484,0.3747,80.0000,0.0000,52.2206,50,1.9886,0.0696,1.1711,2,chill,2,2,0,6,0,2025-07-02T21:32:29.827317
150.0000,0.1089,9.3964,0.0000,3.7166,0.3268,0.2510,64.0000,0.0000,53.1503,46,1.8794,0.0176,1.1925,2,chill,1,2,0,6,0,2025-07-02T21:32:29.897401
138.9999,0.1080,10.9705,0.0000,4.4307,0.2519,0.1575,95.0000,0.0000,56.0825,40,1.9313,0.0127,1.0878,2,chill,1,3,0,6,0,2025-07-02T21:32:29.993388
120.0000,0.0991,6.7580,0.0000,3.4115,0.4624,0.4353,80.0000,0.0000,57.6404,47,2.4791,0.0299,1.1374,2,chill,1,2,0,6,0,2025-07-02T21:32:30.043298
93.0000,0.1176,5.8315,0.0000,3.2951,0.8033,0.8712,80.0000,0.0000,55.2853,55,3.4271,0.0540,1.0974,2,chill,2,2,0,6,0,2025-07-02T21:32:30.093618
70.9998,0.1461,4.9668,0.0000,3.0496,0.7735,1.0759,80.0000,0.0000,61.9530,69,2.6264,0.0692,0.8742,2,chill,2,1,0,6,0,2025-07-02T21:32:30.144467
70.9998,0.1461,4.9668,0.0000,3.0496,0.7735,1.0759,80.0000,0.0000,61.9530,69,2.6264,0.0692,0.8742,2,chill,2,1,0,6,0,2025-07-02T21:32:30.196741
180.0007,0.0022,12.6876,93.0000,6.0684,0.2182,0.1409,102.7987,21.3368,52.5538,67,1.7308,0.0088,0.8868,1,chill,0,3,0,6,0,2025-07-02T21:32:30.321009
185.0002,0.0454,10.3775,0.0000,4.3156,0.3000,0.1716,95.0000,0.0000,63.8514,63,2.0388,0.0181,1.3004,2,chill,1,3,0,6,0,2025-07-02T21:32:30.389028
72.1019,0.0125,4.0510,96.0000,3.9493,0.6924,0.6192,71.4701,14.6985,64.0154,58,2.1005,0.0973,0.9759,1,chill,1,1,0,6,0,2025-07-02T21:32:30.468220
90.0001,0.0963,15.1806,0.0000,5.7183,0.6061,0.4762,100.0000,0.0000,58.7369,39,6.2104,0.0245,0.5696,6,chill,1,3,0,6,0,2025-07-02T21:32:30.575706
114.0013,0.0304,34.7940,126.0000,11.3961,0.2586,0.4138,76.9633,26.4162,57.5108,65,9.1967,0.0024,0.7771,15,chill,1,3,0,6,0,2025-07-02T21:32:30.881500
172.5566,0.0233,11.1472,52.0000,4.6359,0.3157,0.2369,50.2785,7.6359,61.7067,56,2.5177,0.0101,0.9089,1,chill,1,3,0,6,0,2025-07-02T21:32:30.958661
134.0001,0.0606,38.9378,77.0000,11.3628,0.2403,0.1094,77.7787,18.2545,48.3463,42,5.7970,0.0047,0.5348,6,chill,1,3,0,6,0,2025-07-02T21:32:31.248504
57.8881,0.0793,5.3940,86.0000,3.7222,0.4987,0.5462,42.2943,16.0467,66.2589,67,1.8606,0.0764,0.5983,2,chill,1,2,0,6,0,2025-07-02T21:32:31.353652
100.0000,0.0460,3.8282,47.0000,3.1996,0.0806,0.0218,76.2564,13.5035,73.6154,13,0.5000,0.0043,2.0332,1,chill,1,1,0,3,0,2025-07-02T21:32:31.401905
72.0003,0.0808,13.1302,69.0000,5.7660,0.4366,0.6311,69.9333,14.7308,56.2351,57,5.6606,0.0165,0.7794,13,chill,1,3,0,6,0,2025-07-02T21:32:31.558074
120.0000,0.1330,7.3049,36.0000,3.7437,0.3900,0.2619,64.1770,2.5184,58.6754,48,1.8426,0.0230,0.9078,7,chill,2,2,0,6,0,2025-07-02T21:32:31.628247
93.0002,0.0006,26.7232,126.0000,9.9160,0.2780,0.8298,92.9653,25.2358,52.9171,79,9.2875,0.0071,0.6568,9,chill,0,3,0,6,0,2025-07-02T21:32:31.929401
155.0003,0.0395,28.8025,119.0000,10.0557,0.3647,1.3406,89.6801,17.1553,49.9848,60,7.2738,0.0081,0.5043,8,chill,1,3,0,6,0,2025-07-02T21:32:32.186952
62.2102,0.0315,10.5817,107.0000,5.9656,0.8662,1.1098,64.5718,23.9292,69.6715,77,9.4440,0.0449,0.4678,14,chill,1,3,0,6,0,2025-07-02T21:32:32.305117
190.0001,0.5009,2.0173,40.0000,3.3633,2.1920,2.7859,105.2687,12.7403,41.8507,26,3.8881,0.4417,1.4666,7,chill,2,1,0,5,0,2025-07-02T21:32:32.380774
109.0001,0.0620,27.4982,126.0000,10.2667,0.4212,2.4159,99.2510,25.0236,55.4505,58,10.6636,0.0043,0.8654,14,chill,1,3,0,6,0,2025-07-02T21:32:32.629215
126.0001,0.0442,19.7187,91.0000,7.9408,0.5572,1.1318,75.8617,13.3256,54.9740,60,11.1174,0.0094,0.6410,13,chill,1,3,0,6,0,2025-07-02T21:32:32.933844
63.0001,0.0440,17.8160,126.0000,7.6857,0.5071,0.6558,70.0647,23.2105,55.8601,60,8.1834,0.0132,0.6739,15,chill,1,3,0,6,0,2025-07-02T21:32:33.154842
82.4211,0.0103,27.6751,85.0000,9.4334,0.3083,0.5700,91.3729,18.7491,57.6001,48,7.6528,0.0085,0.5758,7,chill,0,3,0,6,0,2025-07-02T21:32:33.355708
91.6395,0.0774,9.7698,36.0000,4.6903,0.3550,0.3314,95.2597,10.7144,62.2242,51,2.4569,0.0101,1.3760,2,chill,1,2,0,6,0,2025-07-02T21:32:33.449724
61.7465,0.1289,11.8865,112.0000,6.3604,0.8430,1.3502,58.7385,21.5113,67.3103,85,11.0425,0.0313,0.3286,15,chill,2,3,0,6,0,2025-07-02T21:32:33.692407
150.0000,0.0947,24.2514,31.0000,7.2352,0.1297,0.1770,59.5748,7.8783,55.8538,51,2.7765,0.0048,0.8345,2,chill,1,3,0,6,0,2025-07-02T21:32:33.794108
97.1725,0.0008,6.6698,43.0000,3.6936,0.3977,0.4108,63.8662,6.4341,63.1723,54,1.7925,0.0501,0.8351,1,chill,1,2,0,6,0,2025-07-02T21:32:33.892369
46.5889,0.0797,3.1604,76.0000,3.2258,1.1813,1.5412,44.5210,13.9871,58.3689,58,2.7386,0.0539,0.6743,3,chill,1,1,0,6,0,2025-07-02T21:32:33.990333
92.5000,0.0007,18.2014,122.0000,7.9571,0.4357,0.7060,82.8346,23.7334,55.2136,83,9.2362,0.0072,1.0344,8,chill,0,3,0,6,0,2025-07-02T21:32:34.215336
80.0000,0.0531,4.6186,0.0000,3.3391,0.9400,1.0648,99.0000,0.0000,72.6923,65,4.2088,0.1206,0.9302,4,chill,1,1,0,6,0,2025-07-02T21:32:34.263507
118.0011,0.0169,27.4226,75.0000,9.3728,0.2336,0.7627,105.8374,20.1231,60.5755,67,6.9531,0.0048,0.7206,7,chill,0,3,0,6,0,2025-07-02T21:32:34.426890
120.0000,0.0316,20.5759,66.0000,7.0858,0.1807,0.2465,76.1551,20.8355,72.1460,26,2.3113,0.0047,0.7684,8,chill,1,3,0,5,0,2025-07-02T21:32:34.556298
91.2135,0.0439,5.1262,23.0000,3.1738,0.5569,0.4364,63.7983,5.5162,60.8747,50,2.5467,0.0699,0.7355,2,chill,1,2,0,6,0,2025-07-02T21:32:34.613686
98.4680,0.0256,7.1560,24.0000,3.6808,0.2228,0.2160,74.7393,4.8523,63.8381,27,1.7564,0.0193,1.0916,1,chill,1,2,0,5,0,2025-07-02T21:32:34.684574
98.4387,0.0274,5.5238,81.0000,4.1105,0.3913,0.2557,77.9570,9.0799,59.8495,42,1.7003,0.0294,1.1446,1,chill,1,2,0,6,0,2025-07-02T21:32:34.755211
128.0000,0.0234,6.5767,84.0000,4.5957,0.6134,0.9782,84.7984,19.9814,59.0310,53,3.4578,0.0655,0.1927,11,chill,1,2,0,6,0,2025-07-02T21:32:34.873476
68.5556,0.0859,19.6638,126.0000,8.1056,0.2415,1.0427,87.6719,27.0659,51.6657,70,5.9382,0.0054,0.9112,7,chill,1,3,0,6,0,2025-07-02T21:32:35.165469
38.7572,0.2618,3.3104,74.0000,3.3478,1.5473,0.9245,53.0105,19.9616,54.9021,51,2.8881,0.2857,0.9735,2,chill,2,1,0,6,0,2025-07-02T21:32:35.224746
60.0000,0.1496,9.6781,126.0000,6.3205,0.8654,1.7673,88.9677,36.6235,52.1742,67,9.4231,0.0466,0.0814,10,chill,2,2,0,6,0,2025-07-02T21:32:35.525596
134.4002,0.1346,19.8566,126.0000,8.2196,0.5000,5.2108,84.3117,18.0984,59.0544,100,7.3556,0.4813,0.0184,13,chill,2,3,0,6,0,2025-07-02T21:32:35.916914
60.5666,0.0862,25.0801,102.0000,9.1302,0.3864,0.8368,71.8276,16.8880,64.2424,58,10.8479,0.0086,0.6083,12,chill,1,3,0,6,0,2025-07-02T21:32:36.109452
175.0001,0.0109,21.5257,123.0000,8.4741,0.3042,0.4681,80.2717,22.7447,55.8138,56,7.2882,0.0107,0.5556,13,chill,1,3,0,6,0,2025-07-02T21:32:36.364413
122.0001,0.0979,41.6726,118.0000,11.9166,0.0863,0.2275,42.9787,22.3530,53.7959,56,4.3458,0.0091,0.0099,9,chill,1,3,0,6,0,2025-07-02T21:32:36.754817
89.9901,0.0266,6.4576,40.0000,4.2619,0.4398,0.3590,116.7889,14.7785,41.2195,36,1.7966,0.0285,1.0243,3,chill,1,2,0,6,0,2025-07-02T21:32:36.842537
92.9001,0.0720,5.4007,48.0000,3.4645,0.2443,0.2564,65.4521,10.5213,69.3096,56,1.1986,0.0211,0.8153,1,chill,1,2,0,6,0,2025-07-02T21:32:36.898257
140.0001,0.5739,11.7542,77.0000,5.6651,0.1723,0.7198,99.7345,4.1079,47.1762,48,2.1700,0.0090,1.2212,3,chill,1,3,0,6,0,2025-07-02T21:32:36.966249
110.0001,0.0000,30.6443,99.0000,9.9992,0.1293,0.2175,90.1535,22.9392,60.1205,58,4.9501,0.0071,0.0504,6,chill,0,3,0,6,0,2025-07-02T21:32:37.243334
99.0001,0.0636,22.3539,92.0000,8.2947,0.1833,0.2807,112.0653,15.3563,54.4028,54,3.0600,0.0084,0.2000,9,chill,1,3,0,6,0,2025-07-02T21:32:37.522845
90.0001,0.0381,10.0837,102.0000,5.7757,0.9827,0.9256,63.2104,30.8300,59.8708,48,9.3858,0.0168,0.9583,7,chill,1,3,0,6,0,2025-07-02T21:32:37.653778
78.4000,0.0943,12.0222,112.0000,6.6506,0.4634,2.9062,108.3050,22.8169,53.6956,74,6.7593,0.0325,0.0343,12,chill,1,3,0,6,0,2025-07-02T21:32:37.861899
130.0001,0.4987,8.6901,0.0000,3.9711,0.1115,0.0000,100.0000,0.0000,54.4688,22,1.3750,0.0233,1.0084,1,chill,2,2,0,4,0,2025-07-02T21:32:38.039610
92.0000,0.0232,22.5767,126.0000,9.1518,0.5710,0.9942,72.8913,29.7198,55.9038,58,13.5752,0.0095,0.5244,14,chill,0,3,0,6,0,2025-07-02T21:32:38.489747
180.0000,0.0339,21.2400,72.0000,7.7275,0.3103,0.9074,80.8790,18.9173,55.9698,62,6.8383,0.0082,0.7762,6,chill,1,3,0,6,0,2025-07-02T21:32:38.657768
119.0004,0.0080,20.5096,126.0000,8.4537,0.2706,0.4195,101.1400,24.9265,50.2652,65,6.0117,0.0060,0.2672,8,chill,0,3,0,6,0,2025-07-02T21:32:38.893371
91.5000,0.0049,5.5553,84.0000,4.2445,0.7126,0.7976,70.9767,12.7546,61.0100,43,3.8514,0.0240,1.4002,2,chill,1,2,0,6,0,2025-07-02T21:32:38.971690
90.0000,0.0303,14.3202,0.0000,5.9435,0.5383,0.7815,127.0000,0.0000,52.4294,70,7.1063,0.0171,0.4283,14,chill,1,3,0,6,0,2025-07-02T21:32:39.201618
135.0014,0.0275,24.9596,64.0000,8.8279,0.3053,0.2188,121.1960,7.0797,57.3878,55,5.9948,0.0093,0.6216,8,chill,0,3,0,6,0,2025-07-02T21:32:39.348425
100.0000,0.0186,6.8702,45.0000,3.9894,0.5292,0.3031,79.8302,8.5983,60.1857,31,2.1844,0.0738,1.0932,1,chill,1,2,0,6,0,2025-07-02T21:32:39.418297
131.0001,0.0759,33.1655,123.0000,11.2837,0.2614,0.3705,110.1252,17.8211,47.6935,48,7.4506,0.0036,0.0410,15,chill,1,3,0,6,0,2025-07-02T21:32:39.735803
90.0009,0.0454,12.1366,64.0000,5.5767,0.2927,0.3417,90.6116,15.7513,52.3148,53,3.5450,0.0175,0.8966,9,chill,1,3,0,6,0,2025-07-02T21:32:39.917823
112.0001,0.0575,16.3531,0.0000,5.9055,0.3372,0.5576,100.0000,0.0000,46.8962,53,5.5028,0.0087,0.8748,14,chill,1,3,0,6,0,2025-07-02T21:32:40.149456
74.3960,0.1220,23.2377,97.0000,8.3027,0.2550,0.2678,82.9140,20.4847,69.8891,72,4.5077,0.0103,0.0902,6,chill,1,3,0,6,0,2025-07-02T21:32:40.301048
76.3813,0.0391,1.7671,90.0000,3.6016,2.7695,3.0459,65.7778,18.5501,62.1147,69,5.5048,0.9441,0.4467,5,chill,1,0,0,6,0,2025-07-02T21:32:40.436747
120.0000,0.0214,17.0508,80.0000,7.2065,0.2271,0.6559,114.1691,9.3376,52.7175,67,4.8765,0.0092,0.6681,8,chill,0,3,0,6,0,2025-07-02T21:32:40.685651
68.9246,0.1565,3.1995,28.0000,2.7557,0.6922,0.6487,62.6023,5.7377,62.2386,47,1.7358,0.0546,1.0118,1,chill,2,1,0,6,0,2025-07-02T21:32:40.749321
140.0001,0.1867,9.4306,57.0000,5.0887,0.3193,0.3070,113.8895,18.1220,56.0707,56,2.0758,0.0143,0.8653,1,chill,1,2,0,6,0,2025-07-02T21:32:40.817538
71.0000,0.1454,3.2683,0.0000,2.4762,0.9616,1.0852,64.0000,0.0000,65.1078,53,2.3534,0.0498,0.9279,1,chill,2,1,0,6,0,2025-07-02T21:32:40.901474
68.7490,0.1525,2.5736,26.0000,2.6011,0.8249,0.9151,63.9813,4.2558,63.7250,48,1.5500,0.1468,1.1659,1,chill,2,1,0,6,0,2025-07-02T21:32:40.955687
112.7576,0.0746,50.2833,113.0000,14.3713,0.1690,0.4865,70.2737,23.3652,63.3198,82,9.1048,0.0024,0.0289,16,chill,1,3,0,6,0,2025-07-02T21:32:41.302406
123.0012,0.0150,16.7376,126.0000,7.4401,0.3293,0.3455,98.4809,28.4677,46.0844,58,3.6262,0.0114,0.5576,7,chill,1,3,0,6,0,2025-07-02T21:32:41.587510
120.0000,0.0376,40.3395,92.0000,12.7301,0.3358,0.5608,93.1199,14.4304,57.5878,67,14.3266,0.0036,0.5925,15,chill,1,3,0,6,0,2025-07-02T21:32:42.017980
92.0001,0.1781,7.1659,66.0000,4.4685,0.5355,0.2983,90.2942,12.1902,59.7143,35,2.4041,0.0348,1.3207,1,chill,2,2,0,6,0,2025-07-02T21:32:42.075607
93.0000,0.0428,8.0022,0.0000,3.6769,0.4699,0.3730,80.0000,0.0000,53.4282,51,2.5502,0.0247,0.6345,2,chill,1,2,0,6,0,2025-07-02T21:32:42.144292
120.0000,0.0204,9.5885,32.0000,4.6497,0.4420,0.2769,94.7651,1.5487,45.8237,50,3.1322,0.0325,1.0202,6,chill,1,2,0,6,0,2025-07-02T21:32:42.305854
44.4000,0.1045,3.6597,16.0000,2.5671,1.0930,0.7671,48.2130,2.3425,61.3077,34,2.3166,0.2075,0.9069,1,chill,2,1,0,6,0,2025-07-02T21:32:42.379755
171.0001,0.5573,58.3759,107.0000,16.4806,0.1920,0.2224,117.0051,16.9179,60.4132,73,8.1562,0.0024,0.1800,25,chill,1,3,0,6,0,2025-07-02T21:32:42.683431
171.0001,0.0869,24.8231,123.0000,9.0501,0.2293,0.2935,90.2231,31.3497,58.1083,54,4.4005,0.0060,0.4836,16,chill,1,3,0,6,0,2025-07-02T21:32:42.823948
171.0001,0.0351,24.8000,123.0000,9.1413,0.2293,0.2936,98.0375,28.4242,58.3902,54,4.3990,0.0060,0.4839,16,chill,1,3,0,6,0,2025-07-02T21:32:42.955553
143.9999,0.3111,4.9500,27.0000,3.4736,0.5587,0.6721,89.7727,5.6241,75.2424,50,2.1212,0.0358,1.8508,1,chill,2,1,0,6,0,2025-07-02T21:32:43.003648
140.0001,0.0000,4.8435,0.0000,3.1646,0.3906,0.4484,100.0000,0.0000,69.0387,52,1.3301,0.0245,0.8991,2,chill,1,1,0,6,0,2025-07-02T21:32:43.079968
140.0001,0.0000,4.8435,0.0000,3.1646,0.3906,0.4484,100.0000,0.0000,69.0387,52,1.3301,0.0245,0.8991,2,chill,1,1,0,6,0,2025-07-02T21:32:43.141457
145.0000,0.0884,3.1719,0.0000,3.0152,1.8522,0.8719,100.0000,0.0000,65.4286,31,3.7857,0.2424,1.5496,1,chill,1,1,0,6,0,2025-07-02T21:32:43.186329
108.0001,0.0491,15.9123,0.0000,5.7124,0.2665,0.1733,110.0000,0.0000,47.8730,55,2.7426,0.0108,0.9439,10,chill,1,3,0,6,0,2025-07-02T21:32:43.326113
122.0001,0.0342,17.6826,84.0000,7.0224,0.2819,0.2459,94.2496,20.6591,47.9483,55,3.3670,0.0103,0.5240,6,chill,1,3,0,6,0,2025-07-02T21:32:43.571839
142.1801,0.0615,16.1762,108.0000,7.4623,0.4035,0.5604,108.1169,16.8857,49.8046,58,6.7430,0.0084,0.8888,5,chill,1,3,0,6,0,2025-07-02T21:32:43.759758
120.0000,0.1937,7.2589,13.0000,3.4795,0.4549,0.5413,64.0381,0.7028,57.5677,42,2.3818,0.0267,1.1064,2,chill,2,2,0,6,0,2025-07-02T21:32:43.876634
114.0013,0.1435,16.8013,112.0000,7.0508,0.2359,0.8900,73.8563,24.6094,47.3083,58,4.6228,0.0077,0.2680,7,chill,1,3,0,6,0,2025-07-02T21:32:44.203938
91.4400,0.0154,15.6831,72.0000,6.8754,0.3292,0.4000,120.2553,13.9158,47.8146,77,4.6629,0.0132,0.9440,10,chill,1,3,0,6,0,2025-07-02T21:32:44.409273
87.0000,0.0825,16.0469,113.0000,7.1152,0.2378,0.5453,88.4672,35.4279,44.5782,67,4.9827,0.1121,0.0225,10,chill,1,3,0,6,0,2025-07-02T21:32:44.628249
96.8757,0.0032,16.3418,126.0000,7.6079,0.3604,0.5009,104.1174,12.1854,51.4382,57,5.8567,0.0631,0.0322,6,chill,1,3,0,6,0,2025-07-02T21:32:44.833606
44.5902,0.0542,3.2986,75.0000,3.1872,1.1181,1.5267,40.0454,12.5888,58.2629,58,2.7454,0.0693,0.1645,2,chill,1,1,0,6,0,2025-07-02T21:32:44.935794
94.5479,0.0729,17.5079,119.0000,7.4979,0.3675,0.7469,83.5812,20.9103,54.1968,68,5.7275,0.0135,0.1975,13,chill,1,3,0,6,0,2025-07-02T21:32:45.274261
120.0000,0.0168,5.5345,0.0000,3.4479,0.3783,0.9238,110.0000,0.0000,54.5081,38,1.5278,0.0199,1.3980,2,chill,1,2,0,6,0,2025-07-02T21:32:45.332567
117.6141,0.0172,10.8462,26.0000,4.3185,0.1968,0.2335,63.6142,3.8050,52.1378,57,1.4931,0.0045,1.0981,1,chill,0,3,0,6,0,2025-07-02T21:32:45.409622
49.0000,0.0291,18.3481,27.0000,7.0349,0.3800,0.6225,112.1576,11.8949,53.2035,63,8.1525,0.0171,0.0537,13,chill,1,3,0,6,0,2025-07-02T21:32:45.658863
116.0001,0.0800,8.4090,70.0000,4.7761,0.3338,0.3492,88.9753,15.2815,61.5211,69,2.5613,0.0277,1.1825,2,chill,1,2,0,6,0,2025-07-02T21:32:45.777162
120.0000,0.0227,4.4825,0.0000,2.7759,0.2027,0.1769,80.0000,0.0000,79.1018,14,0.5000,0.0574,0.3397,1,chill,1,1,0,2,0,2025-07-02T21:32:45.839206
108.0001,0.0672,4.1478,0.0000,2.5767,0.4942,0.6524,64.0000,0.0000,66.0604,45,1.3302,0.0855,0.4123,1,chill,1,1,0,6,0,2025-07-02T21:32:45.907095
73.3334,0.0269,13.6688,95.0000,6.5053,0.4273,0.5820,97.0571,15.8078,55.3502,60,5.1415,0.0317,0.4999,6,chill,1,3,0,6,0,2025-07-02T21:32:45.985042
120.0000,0.1572,4.0531,45.0000,3.4694,0.1288,0.1189,94.6392,10.5305,64.1753,13,0.7784,0.0140,2.2601,2,chill,1,1,0,4,0,2025-07-02T21:32:46.026676
87.3105,0.0801,5.4010,43.0000,3.5937,0.5114,0.4128,76.8260,7.9666,59.8635,54,1.8605,0.0596,0.3796,1,chill,1,2,0,6,0,2025-07-02T21:32:46.136729
133.4426,0.0988,6.6479,0.0000,3.6933,0.3250,0.4757,110.0000,0.0000,60.0276,69,1.6886,0.0691,0.1740,2,chill,1,2,0,6,0,2025-07-02T21:32:46.405748
133.3608,0.0317,11.2465,72.0000,5.3622,0.2935,0.2584,86.3706,13.4743,63.5537,57,2.5629,0.0220,0.3191,1,chill,1,3,0,6,0,2025-07-02T21:32:46.565724
141.5001,0.0670,14.6009,62.0000,6.3149,0.1286,0.2569,125.9798,5.6994,61.8017,56,1.2625,0.0066,0.0683,1,chill,1,3,0,6,0,2025-07-02T21:32:46.704223
175.5413,0.5672,9.2839,83.0000,5.0424,0.4617,0.4239,79.5187,15.4312,56.5446,68,2.9593,0.0345,0.6561,1,chill,2,2,0,6,0,2025-07-02T21:32:46.786961
82.0000,0.3023,2.5112,44.0000,2.9309,0.6636,0.5132,76.0988,8.4910,71.3745,27,1.0761,0.2635,0.6818,2,chill,2,1,0,5,0,2025-07-02T21:32:46.843665
167.0002,0.0185,14.8945,109.0000,6.5429,0.1305,0.2375,80.9740,16.5940,49.7555,49,2.6669,0.0088,1.3598,4,chill,0,3,0,6,0,2025-07-02T21:32:47.065999
91.0000,0.0844,17.5905,124.0000,7.7688,0.4346,0.8185,82.6112,27.4451,57.1961,72,8.2040,0.0084,0.7003,6,chill,1,3,0,6,0,2025-07-02T21:32:47.348126
70.0001,0.6443,1.4401,0.0000,2.4474,1.3295,1.4503,100.0000,0.0000,63.5328,19,1.2445,1.1959,1.3181,3,chill,2,0,0,3,0,2025-07-02T21:32:47.398471
86.0001,0.1006,10.9740,63.0000,5.5072,0.3153,1.1489,98.6405,26.8722,42.5759,47,4.6204,0.0478,0.5740,8,chill,2,3,0,6,0,2025-07-02T21:32:47.501204
117.6667,0.0186,5.4774,25.0000,3.1571,0.3547,0.2376,56.9465,6.2777,57.8075,37,2.1578,0.0191,1.2993,1,chill,1,2,0,6,0,2025-07-02T21:32:47.551429
119.0002,0.0933,16.3959,123.0000,7.3963,0.3141,0.6292,87.5782,19.4181,54.6961,62,6.0935,0.0148,0.4005,15,chill,1,3,0,6,0,2025-07-02T21:32:47.677852
71.0000,0.1291,17.6983,59.0000,7.2705,0.6190,0.8778,111.8574,9.7048,51.6664,59,7.6858,0.0192,0.5539,7,chill,1,3,0,6,0,2025-07-02T21:32:47.847636
143.0001,0.0177,53.6714,111.0000,15.4303,0.1652,0.2110,99.8704,17.8956,58.8002,74,9.2732,0.0024,0.4744,12,chill,0,3,0,6,0,2025-07-02T21:32:48.208516
149.0002,0.0399,20.3807,102.0000,8.2761,0.3660,0.7182,100.3413,26.1952,53.3044,58,8.0888,0.0098,0.5944,7,chill,1,3,0,6,0,2025-07-02T21:32:48.661301
103.1321,0.4034,7.5767,91.0000,4.8400,0.4082,0.5119,88.5512,27.8003,60.0501,62,2.2149,0.0611,0.8165,1,chill,2,2,0,6,0,2025-07-02T21:32:48.799062
70.1740,0.7060,54.6940,98.0000,14.6402,0.1069,0.1639,57.4221,19.5053,67.5022,67,5.4095,0.0021,0.6800,13,chill,1,3,0,6,0,2025-07-02T21:32:49.239830
105.0001,0.0054,35.0201,96.0000,11.8010,0.4899,0.6723,103.9417,14.3835,48.1997,49,14.2811,0.0047,0.5407,21,chill,0,3,0,6,0,2025-07-02T21:32:49.607617
124.5448,0.8118,14.4528,60.0000,5.7000,0.3014,0.4814,70.3688,12.9085,66.8085,48,2.8121,0.0080,1.2645,1,chill,1,3,0,6,0,2025-07-02T21:32:49.657123
133.3901,0.2747,12.1263,31.0000,4.9938,0.2522,0.2497,86.2951,7.3935,59.3174,46,2.2898,0.0139,1.4789,1,chill,1,3,0,6,0,2025-07-02T21:32:49.731144
75.0000,0.1047,21.0127,123.0000,9.0249,0.6105,0.8246,97.2971,20.3883,56.1490,73,12.8114,0.0133,0.2005,11,chill,1,3,0,6,0,2025-07-02T21:32:50.028579
89.2400,0.0077,34.2777,80.0000,10.7261,0.2242,0.1325,106.0720,20.5322,41.4036,48,5.1713,0.0043,0.5889,7,chill,0,3,0,6,0,2025-07-02T21:32:50.416833
120.0000,0.1241,18.1162,50.0000,6.5942,0.3075,0.2417,85.3701,13.9787,59.8224,55,3.7258,0.0115,0.5453,4,chill,1,3,0,6,0,2025-07-02T21:32:50.627634
69.0000,0.0574,22.5585,104.0000,8.8211,0.3644,1.0481,92.0188,22.0644,53.5249,60,10.1462,0.0088,0.6862,15,chill,1,3,0,6,0,2025-07-02T21:32:50.862102
134.1430,0.0478,32.2292,47.0000,10.0136,0.2506,0.5338,101.3554,15.5171,59.5042,59,7.6178,0.0023,1.0160,13,chill,1,3,0,6,0,2025-07-02T21:32:51.232277
93.0001,0.1006,6.1240,57.0000,4.0975,0.5477,0.8770,88.4874,11.4083,48.4471,57,2.2160,0.0362,1.1733,1,chill,2,2,0,6,0,2025-07-02T21:32:51.301316
106.0001,0.0340,4.9558,60.0000,3.9981,0.6941,0.7370,97.0070,16.2356,60.4106,63,2.2277,0.0875,0.9276,1,chill,1,1,0,6,0,2025-07-02T21:32:51.364960
92.0003,0.1176,2.5106,52.0000,3.5656,1.2512,1.5702,113.3290,8.6176,57.4989,60,1.9839,0.3455,0.8507,1,chill,2,1,0,6,0,2025-07-02T21:32:51.426118
70.0000,0.0313,15.4142,0.0000,5.5767,0.4221,0.7084,90.0000,0.0000,56.2611,58,5.3805,0.0193,0.6211,10,chill,1,3,0,6,0,2025-07-02T21:32:51.537819
120.0000,0.0154,14.0052,121.0000,6.4130,0.1155,0.1536,75.9928,23.1600,71.3424,78,2.2004,0.0152,0.2060,1,chill,1,3,0,6,0,2025-07-02T21:32:51.930760
170.0005,0.0449,6.8566,39.0000,3.8883,0.5503,0.3200,76.6803,8.7217,61.3673,33,2.4048,0.0412,1.2903,1,chill,1,2,0,6,0,2025-07-02T21:32:51.983744
118.0011,0.0128,17.3676,47.0000,7.0629,0.4050,0.6405,123.1832,10.0182,48.3774,57,6.1701,0.0134,0.4195,13,chill,1,3,0,6,0,2025-07-02T21:32:52.215256
100.0000,0.0186,11.0380,82.0000,5.4851,0.2626,2.9149,86.0154,14.7064,68.5543,62,3.0774,0.0082,0.8135,12,chill,0,3,0,6,0,2025-07-02T21:32:52.365386
150.0000,0.0162,8.0322,115.0000,5.0845,0.3094,0.7893,73.5152,13.4216,59.7129,84,2.5206,0.0176,0.9459,1,chill,1,2,0,6,0,2025-07-02T21:32:52.537361
57.0001,0.3135,9.7413,113.0000,6.2306,0.6137,0.8748,101.7183,27.7844,61.7129,60,8.2881,0.2532,0.0639,10,chill,2,2,0,6,0,2025-07-02T21:32:52.634510
120.0000,0.0020,18.7759,45.0000,7.2574,0.4287,0.6613,112.0989,8.5028,52.7597,73,6.9423,0.0091,0.8944,10,chill,0,3,0,6,0,2025-07-02T21:32:52.839139
113.4630,0.0420,9.9716,116.0000,5.8428,0.6182,2.2230,68.7447,15.9069,55.9061,67,7.4380,0.0186,0.8047,8,chill,1,2,0,6,0,2025-07-02T21:32:52.933994
120.0000,0.0855,15.3215,116.0000,6.8446,0.3636,0.6598,68.9644,21.6438,53.2300,63,5.9917,0.0211,0.2620,7,chill,1,3,0,6,0,2025-07-02T21:32:53.087949
80.0000,0.0757,3.6233,97.0000,3.7136,0.6335,0.6799,57.0765,13.7510,60.0885,57,2.3186,0.0629,0.2624,1,chill,1,1,0,6,0,2025-07-02T21:32:53.174571
100.0000,0.0129,10.7925,116.0000,6.1803,0.7048,0.8592,83.7804,28.3300,55.6167,65,7.2066,0.0188,0.7790,10,chill,1,3,0,6,0,2025-07-02T21:32:53.349702
109.3999,0.0382,43.2876,0.0000,12.1123,0.1751,0.3424,127.0000,0.0000,61.8166,81,8.6247,0.0034,0.5588,14,chill,1,3,0,6,0,2025-07-02T21:32:53.808899
129.4751,0.0172,16.2882,60.0000,6.2583,0.1274,0.0789,78.4839,11.2400,62.3509,55,3.7411,0.0032,0.7732,4,chill,0,3,0,6,0,2025-07-02T21:32:54.280125
113.0001,0.0124,23.8839,0.0000,7.8542,0.4209,0.6716,110.0000,0.0000,53.0046,75,8.6310,0.0083,0.7012,14,chill,0,3,0,6,0,2025-07-02T21:32:54.629279
94.0001,0.2473,45.9092,126.0000,13.5695,0.1762,0.4128,66.3638,29.6313,54.4743,63,8.9992,0.0021,0.8021,24,chill,1,3,0,6,0,2025-07-02T21:32:55.077636
82.9990,0.0360,23.0213,98.0000,8.8742,0.2783,0.5952,121.7419,7.4084,51.1355,79,6.0624,0.0091,0.0330,10,chill,1,3,0,6,0,2025-07-02T21:32:56.940453
146.3096,0.1246,12.6725,31.0000,5.0966,0.2200,0.2748,85.7644,6.8981,60.0859,50,2.2321,0.0087,1.1523,1,chill,1,3,0,6,0,2025-07-02T21:32:57.032131
125.0000,0.0443,21.8929,0.0000,6.8016,0.1878,0.1185,95.0000,0.0000,39.9859,39,3.0578,0.0060,1.0537,4,chill,1,3,0,6,0,2025-07-02T21:32:57.234890
255.0001,1.0000,26.2449,110.0000,9.0739,0.1268,0.1215,82.7129,11.1057,66.3723,47,4.2421,0.0058,0.7708,2,chill,1,3,0,6,0,2025-07-02T21:32:57.318877
134.0001,0.2048,21.4077,61.0000,8.2371,0.3839,0.6713,118.8792,12.0185,52.3047,47,8.6750,0.0081,0.6369,11,chill,1,3,0,6,0,2025-07-02T21:32:57.475299
120.0000,0.1167,8.7407,117.0000,5.1203,0.2210,0.6867,66.0804,19.4348,65.4852,60,1.9485,0.0211,0.3767,1,chill,2,2,0,6,0,2025-07-02T21:32:57.776910
70.0002,0.1664,17.1890,103.0000,7.5482,0.3374,0.7408,101.3086,13.3134,58.8499,60,7.0227,0.0108,0.9320,7,chill,1,3,0,6,0,2025-07-02T21:32:57.944470
200.0000,1.0000,37.2435,63.0000,11.2336,0.1952,0.2168,105.3905,12.0925,65.2029,70,6.6022,0.0031,0.6418,26,chill,1,3,0,6,0,2025-07-02T21:32:58.268284
85.0000,0.0161,12.6815,0.0000,4.7895,0.4440,0.3308,80.0000,0.0000,54.7722,51,4.2246,0.0299,0.7118,4,chill,1,3,0,6,0,2025-07-02T21:32:58.344694
95.0000,0.1209,27.3343,106.0000,9.8157,0.4130,1.6828,75.8019,24.2050,54.1490,84,12.2590,0.0055,0.0184,10,chill,1,3,0,6,0,2025-07-02T21:32:58.607449
115.0000,0.2373,12.0538,74.0000,5.4130,0.0458,0.1201,78.3460,27.0214,49.9785,43,2.0116,0.0418,0.1538,6,chill,2,3,0,6,0,2025-07-02T21:32:58.681481
138.0002,0.0297,43.9333,126.0000,13.5010,0.1014,0.2384,114.5898,17.1122,51.0627,75,5.9296,0.0037,0.5026,14,chill,0,3,0,6,0,2025-07-02T21:32:59.045868
30.0000,0.0228,2.0000,0.0000,2.1234,0.8122,0.5661,64.0000,0.0000,57.3300,29,1.2685,0.1638,1.3177,2,chill,1,1,0,5,0,2025-07-02T21:32:59.109083
87.1667,0.0152,18.1067,34.0000,6.4428,0.3164,0.6737,81.5792,6.5096,65.6293,64,5.0012,0.0121,0.6426,9,chill,1,3,0,6,0,2025-07-02T21:32:59.298945
76.0004,0.1808,17.1748,66.0000,6.7225,0.2906,0.3287,84.9684,15.6954,60.6097,55,5.2433,0.0085,0.8002,4,chill,1,3,0,6,0,2025-07-02T21:32:59.418454
170.0001,0.0960,25.8136,82.0000,8.5716,0.1860,0.1501,83.3388,18.3883,65.7789,74,3.5174,0.0046,0.7706,4,chill,1,3,0,6,0,2025-07-02T21:32:59.581483
87.0000,0.1886,8.7879,58.0000,5.0374,0.3729,0.1874,118.6678,18.2333,46.9693,37,2.2140,0.0275,1.1795,7,chill,2,2,0,6,0,2025-07-02T21:32:59.687549
115.0000,0.1548,30.6029,92.0000,10.1534,0.1878,0.2460,105.7603,19.3750,49.9302,74,5.7037,0.0062,0.5697,9,chill,1,3,0,6,0,2025-07-02T21:32:59.896305
114.0002,0.0039,7.8989,0.0000,3.5861,0.4062,5.1035,64.0000,0.0000,63.2744,70,4.1208,0.0109,0.3967,8,chill,1,2,0,6,0,2025-07-02T21:33:00.140461
68.9759,0.0540,2.8343,126.0000,4.3780,0.2844,0.5805,74.1209,15.0743,59.5848,60,5.3401,0.0085,0.8605,10,chill,1,1,0,6,0,2025-07-02T21:33:00.364415
150.0000,0.0430,8.9367,36.0000,4.4778,0.5296,0.2482,88.4402,7.3132,59.7638,40,3.0131,0.0301,1.1402,1,chill,1,2,0,6,0,2025-07-02T21:33:00.431403
110.0009,0.0760,14.0716,107.0000,6.8526,0.5726,0.7246,83.0919,20.6768,50.8828,60,8.5924,0.0147,0.6996,6,chill,1,3,0,6,0,2025-07-02T21:33:00.552208
116.5005,0.1098,30.5483,124.0000,10.5918,0.2071,0.5244,96.3538,17.5996,61.4781,66,7.5833,0.0053,0.4514,10,chill,1,3,0,6,0,2025-07-02T21:33:00.799669
137.0019,0.0133,21.3921,116.0000,8.0441,0.1846,0.4164,68.7065,27.4675,53.6984,64,5.2008,0.0096,0.0252,17,chill,0,3,0,6,0,2025-07-02T21:33:01.024295
88.0000,0.0737,29.6518,90.0000,10.0052,0.2118,0.3453,103.1740,20.0210,53.0926,60,7.0322,0.0070,0.0286,11,chill,1,3,0,6,0,2025-07-02T21:33:01.316375
87.0000,0.1225,27.6971,94.0000,9.3844,0.2524,0.2856,88.1764,16.1424,56.7666,56,6.0475,0.0154,0.0178,11,chill,1,3,0,6,0,2025-07-02T21:33:01.605342
121.0019,0.0127,23.0813,95.0000,8.4394,0.0906,0.0790,111.5026,20.3415,54.4752,49,2.5803,0.0021,0.9370,4,chill,0,3,0,6,0,2025-07-02T21:33:01.753687
100.0000,0.0255,10.8259,0.0000,4.3667,0.2187,0.2742,95.0000,0.0000,55.9845,50,1.5159,0.0128,0.0612,4,chill,1,3,0,6,0,2025-07-02T21:33:01.894852
120.0000,0.2680,7.9184,48.0000,4.1380,0.2191,0.1092,78.4227,22.8233,68.5464,57,1.0567,0.0114,1.1273,2,chill,1,2,0,6,0,2025-07-02T21:33:01.951201
140.0001,0.0065,5.8333,27.0000,3.9340,0.2143,0.0000,121.6000,10.8000,58.7250,44,0.7000,0.0074,0.9568,2,chill,0,2,0,6,0,2025-07-02T21:33:02.006538
